{"stats":{"minecraft:broken":{"minecraft:iron_axe":1},"minecraft:killed_by":{"minecraft:player":2,"minecraft:cave_spider":2,"minecraft:wither_skeleton":7,"minecraft:skeleton":2,"minecraft:creeper":1,"minecraft:spider":2},"minecraft:used":{"minecraft:water_bucket":15,"minecraft:spruce_slab":7,"minecraft:stone_shovel":54,"minecraft:stone_pickaxe":82,"minecraft:ladder":6,"minecraft:poppy":3,"minecraft:spruce_planks":16,"minecraft:wooden_pickaxe":10,"minecraft:iron_sword":344,"minecraft:torch":32,"minecraft:dirt":2,"minecraft:anvil":1,"minecraft:hopper":8,"minecraft:crafting_table":7,"ironchest:iron_chest":8,"minecraft:spruce_log":3,"minecraft:wooden_axe":41,"minecraft:apple":1,"alexsmobs:lobster_tail":1,"travelersbackpack:creeper":1,"minecraft:iron_axe":280,"minecraft:spruce_wood":6,"minecraft:bread":22,"minecraft:iron_pickaxe":229,"minecraft:dark_oak_wood":6,"minecraft:smooth_quartz":31,"minecraft:spruce_sapling":4,"minecraft:gravel":24,"minecraft:stone_axe":19,"minecraft:diamond_sword":455,"minecraft:cobblestone":157,"minecraft:golden_carrot":12,"minecraft:sweet_berries":40,"minecraft:oak_sapling":2,"minecraft:bucket":18},"minecraft:custom":{"minecraft:interact_with_anvil":4,"minecraft:mob_kills":129,"minecraft:interact_with_crafting_table":28,"minecraft:damage_dealt_resisted":9274,"minecraft:leave_game":11,"minecraft:time_since_death":56960,"minecraft:climb_one_cm":1320,"minecraft:sleep_in_bed":2,"minecraft:time_since_rest":12599,"minecraft:sprint_one_cm":174718,"minecraft:damage_absorbed":140,"minecraft:damage_taken":7390,"minecraft:walk_one_cm":313564,"minecraft:drop":12,"minecraft:damage_dealt":43791,"minecraft:player_kills":3,"minecraft:talked_to_villager":1,"minecraft:fly_one_cm":280237,"minecraft:open_chest":74,"minecraft:crouch_one_cm":1803,"minecraft:play_time":155699,"minecraft:deaths":17,"minecraft:sneak_time":769,"minecraft:walk_under_water_one_cm":6452,"minecraft:jump":1942,"minecraft:walk_on_water_one_cm":24528,"minecraft:total_world_time":155699,"minecraft:fall_one_cm":46227},"minecraft:crafted":{"minecraft:oak_planks":16,"minecraft:stone_shovel":1,"minecraft:crafting_table":5,"minecraft:spruce_planks":232,"minecraft:wooden_pickaxe":1,"minecraft:iron_sword":1,"minecraft:hopper":8,"minecraft:ladder":6,"minecraft:iron_axe":2,"minecraft:spruce_slab":24,"minecraft:stick":12,"minecraft:iron_pickaxe":2,"minecraft:stone_pickaxe":1,"minecraft:wooden_axe":2,"minecraft:chest":28,"minecraft:dark_oak_planks":28,"minecraft:torch":24,"ironchest:iron_chest":8},"minecraft:dropped":{"minecraft:stone_axe":1,"minecraft:wheat_seeds":1,"minecraft:diamond_sword":4,"minecraft:dark_oak_wood":1,"minecraft:wooden_axe":2,"minecraft:beetroot_seeds":3,"minecraft:stone_pickaxe":1,"minecraft:iron_pickaxe":1},"minecraft:mined":{"minecraft:dark_oak_planks":4,"minecraft:podzol":1,"minecraft:spruce_planks":10,"minecraft:crafting_table":2,"minecraft:torch":4,"minecraft:dark_oak_wood":15,"minecraft:spruce_fence":1,"minecraft:grass_block":2,"minecraft:cobblestone":40,"minecraft:spruce_leaves":7,"minecraft:hopper":1,"minecraft:wall_torch":4,"minecraft:spawner":7,"minecraft:large_fern":7,"minecraft:iron_ore":1,"minecraft:wheat":1,"minecraft:sweet_berry_bush":4,"minecraft:spruce_log":148,"minecraft:stripped_spruce_log":5,"minecraft:grass":11,"minecraft:bookshelf":2,"minecraft:oak_log":4,"minecraft:coal_ore":6,"minecraft:dirt":2,"minecraft:gravel":59,"minecraft:cyan_carpet":2,"minecraft:smooth_quartz":64,"minecraft:cobweb":1,"minecraft:spruce_wood":13,"minecraft:stone":180,"minecraft:oak_leaves":4,"minecraft:spruce_slab":2,"minecraft:fern":3},"minecraft:picked_up":{"minecraft:wooden_axe":1,"minecraft:crafting_table":2,"minecraft:golden_carrot":4,"minecraft:water_bucket":1,"minecraft:diamond_sword":5,"minecraft:flint":7,"minecraft:oak_log":4,"minecraft:dirt":5,"minecraft:string":31,"travelersbackpack:creeper":1,"minecraft:bone":90,"minecraft:apple":1,"minecraft:wheat_seeds":4,"minecraft:spruce_planks":181,"minecraft:spruce_wood":10,"minecraft:iron_ingot":12,"minecraft:poppy":3,"minecraft:smooth_quartz":61,"minecraft:spruce_slab":2,"minecraft:book":15,"minecraft:stick":26,"minecraft:raw_iron":1,"minecraft:sweet_berries":22,"minecraft:torch":13,"minecraft:spruce_stairs":1,"minecraft:gravel":51,"minecraft:spruce_fence":1,"minecraft:stripped_spruce_log":4,"minecraft:spruce_sapling":47,"minecraft:spruce_log":142,"minecraft:spider_eye":13,"minecraft:dark_oak_planks":2,"minecraft:arrow":10,"minecraft:rotten_flesh":10,"minecraft:stone_axe":1,"minecraft:bread":11,"minecraft:oak_sapling":2,"minecraft:dark_oak_wood":14,"minecraft:coal":27,"alexsmobs:lobster_tail":1,"minecraft:cobblestone":208},"minecraft:killed":{"minecraft:cave_spider":12,"alexsmobs:lobster":1,"alexsmobs:seal":2,"minecraft:spider":17,"minecraft:iron_golem":2,"minecraft:creeper":1,"minecraft:skeleton":10,"alexsmobs:crocodile":1,"minecraft:zombie":9,"minecraft:wither_skeleton":74}},"DataVersion":3465}