{"stats":{"minecraft:crafted":{"minecraft:cooked_chicken":1,"minecraft:furnace":1,"minecraft:iron_boots":1,"minecraft:stone_pickaxe":3,"minecraft:wheat":45,"minecraft:cooked_beef":4,"minecraft:wooden_shovel":1,"minecraft:cooked_porkchop":10,"minecraft:crafting_table":3,"minecraft:spruce_planks":76,"minecraft:wooden_pickaxe":1,"minecraft:iron_sword":1,"minecraft:copper_ingot":5,"minecraft:stone_axe":3,"minecraft:bread":15,"minecraft:air":0,"minecraft:stick":100,"minecraft:wooden_axe":1,"minecraft:stone_sword":1,"minecraft:iron_leggings":1},"minecraft:used":{"minecraft:stone_sword":49,"minecraft:light_gray_carpet":3,"minecraft:spruce_planks":7,"minecraft:iron_sword":66,"minecraft:wooden_shovel":18,"minecraft:rotten_flesh":1,"minecraft:iron_chestplate":1,"minecraft:dirt":44,"minecraft:mutton":2,"minecraft:white_carpet":8,"minecraft:granite":1,"minecraft:wooden_axe":6,"minecraft:iron_helmet":1,"minecraft:iron_boots":1,"minecraft:furnace":1,"minecraft:cooked_beef":2,"minecraft:iron_leggings":1,"minecraft:stone_pickaxe":171,"minecraft:oak_planks":1,"minecraft:wooden_pickaxe":7,"minecraft:golden_apple":1,"minecraft:crafting_table":6,"minecraft:spruce_log":2,"minecraft:diamond_pickaxe":34,"minecraft:bread":4,"minecraft:stone_axe":217,"minecraft:cooked_porkchop":7,"alexsmobs:animal_dictionary":1},"minecraft:picked_up":{"minecraft:wooden_axe":1,"minecraft:crafting_table":3,"minecraft:chicken":1,"minecraft:smithing_table":1,"minecraft:string":1,"minecraft:raw_copper":22,"minecraft:white_carpet":8,"minecraft:smooth_stone":1,"minecraft:spruce_planks":4,"minecraft:beef":4,"minecraft:coal_block":2,"minecraft:furnace":1,"minecraft:stick":5,"minecraft:brown_terracotta":2,"minecraft:spruce_stairs":1,"minecraft:spruce_fence":1,"minecraft:porkchop":14,"minecraft:dark_oak_planks":3,"minecraft:arrow":3,"minecraft:rotten_flesh":15,"minecraft:diamond_chestplate":1,"minecraft:hay_block":8,"minecraft:diamond_boots":1,"minecraft:mutton":2,"minecraft:cobblestone":35,"minecraft:snowball":17,"minecraft:white_wool":1,"minecraft:feather":3,"minecraft:leather":3,"minecraft:dirt":64,"minecraft:bone":1,"minecraft:wheat_seeds":2,"minecraft:iron_ingot":1,"minecraft:oak_planks":2,"minecraft:black_terracotta":3,"minecraft:raw_iron_block":2,"minecraft:spruce_sapling":13,"minecraft:spruce_log":56,"minecraft:spider_eye":1,"minecraft:leather_helmet":2,"minecraft:stone_axe":1,"immersive_armors:wooden_chestplate":1,"minecraft:chainmail_leggings":1,"minecraft:granite":11,"minecraft:emerald":2,"minecraft:bread":3,"alexsmobs:maggot":4,"minecraft:light_gray_carpet":6,"minecraft:coal":23,"minecraft:diamond_pickaxe":1},"minecraft:custom":{"minecraft:mob_kills":41,"minecraft:interact_with_crafting_table":18,"minecraft:open_barrel":4,"minecraft:leave_game":1,"minecraft:time_since_death":62749,"minecraft:climb_one_cm":730,"minecraft:sprint_one_cm":117642,"minecraft:walk_one_cm":169402,"minecraft:drop":48,"minecraft:talked_to_villager":1,"minecraft:play_time":81308,"minecraft:deaths":2,"minecraft:sneak_time":1831,"minecraft:walk_under_water_one_cm":1775,"minecraft:jump":1262,"minecraft:walk_on_water_one_cm":7945,"minecraft:total_world_time":81308,"minecraft:interact_with_furnace":12,"minecraft:sleep_in_bed":3,"minecraft:time_since_rest":45684,"minecraft:damage_taken":1756,"minecraft:damage_absorbed":31,"minecraft:damage_dealt":5255,"minecraft:fly_one_cm":203660,"minecraft:open_chest":9,"minecraft:crouch_one_cm":1703,"minecraft:fall_one_cm":32406},"minecraft:broken":{"minecraft:stone_axe":2},"minecraft:killed_by":{"minecraft:skeleton":1},"minecraft:mined":{"minecraft:dark_oak_planks":7,"minecraft:spruce_planks":6,"minecraft:black_terracotta":6,"minecraft:granite":7,"minecraft:grass_block":8,"minecraft:spruce_fence":1,"minecraft:coal_block":2,"minecraft:spruce_leaves":8,"minecraft:large_fern":11,"minecraft:hay_block":8,"minecraft:smooth_stone":1,"minecraft:raw_iron_block":2,"minecraft:furnace":1,"minecraft:snow":1,"minecraft:packed_ice":85,"minecraft:stone":38,"minecraft:smithing_table":1,"minecraft:light_gray_carpet":3,"minecraft:dandelion":1,"minecraft:crafting_table":3,"minecraft:copper_ore":6,"minecraft:tall_grass":1,"minecraft:oak_planks":2,"minecraft:spruce_stairs":1,"minecraft:sweet_berry_bush":1,"minecraft:ice":1,"minecraft:white_carpet":9,"minecraft:spruce_log":57,"minecraft:grass":6,"minecraft:coal_ore":23,"minecraft:dirt":24,"minecraft:brown_terracotta":6,"minecraft:oak_leaves":1,"minecraft:fern":1},"minecraft:dropped":{"minecraft:wheat_seeds":2,"minecraft:cooked_porkchop":3,"minecraft:feather":2,"minecraft:granite":6,"minecraft:spruce_stairs":1,"minecraft:dirt":17,"minecraft:wooden_axe":1,"minecraft:snowball":1,"immersive_armors:wooden_chestplate":2,"minecraft:string":1,"minecraft:dark_oak_planks":1,"minecraft:white_wool":3,"minecraft:furnace":1,"minecraft:stone_axe":1,"alexsmobs:maggot":4,"minecraft:cooked_chicken":1,"minecraft:stone_sword":1,"minecraft:rotten_flesh":4,"minecraft:oak_planks":1,"minecraft:light_gray_carpet":3,"minecraft:spruce_fence":1,"minecraft:hay_block":3,"minecraft:iron_chestplate":1,"minecraft:leather_boots":1,"minecraft:arrow":2,"minecraft:wooden_pickaxe":1},"minecraft:killed":{"minecraft:spider":4,"minecraft:skeleton":1,"minecraft:chicken":1,"minecraft:pig":6,"minecraft:sheep":1,"minecraft:zombie":18,"alexsmobs:fly":2,"minecraft:cow":4}},"DataVersion":3465}