{"stats":{"minecraft:crafted":{"minecraft:cooked_beef":4,"minecraft:wooden_shovel":1,"minecraft:cooked_porkchop":10,"minecraft:crafting_table":1,"minecraft:spruce_planks":24,"minecraft:cooked_chicken":1,"minecraft:wooden_pickaxe":1,"minecraft:furnace":1,"minecraft:copper_ingot":5,"minecraft:stone_axe":2,"minecraft:bread":15,"minecraft:air":0,"minecraft:stick":12,"minecraft:stone_pickaxe":3,"minecraft:wooden_axe":1,"minecraft:wheat":45},"minecraft:used":{"minecraft:stone_pickaxe":147,"minecraft:light_gray_carpet":3,"minecraft:spruce_planks":7,"minecraft:wooden_pickaxe":7,"minecraft:wooden_shovel":15,"minecraft:rotten_flesh":1,"minecraft:dirt":27,"minecraft:mutton":2,"minecraft:white_carpet":8,"minecraft:crafting_table":3,"minecraft:wooden_axe":6,"minecraft:iron_helmet":1,"minecraft:stone_axe":140,"minecraft:furnace":1,"minecraft:cooked_porkchop":4,"alexsmobs:animal_dictionary":1,"minecraft:cooked_beef":1},"minecraft:picked_up":{"minecraft:wooden_axe":1,"minecraft:crafting_table":3,"minecraft:feather":2,"minecraft:chicken":1,"minecraft:leather":3,"minecraft:smithing_table":1,"minecraft:dirt":60,"minecraft:string":1,"minecraft:raw_copper":22,"minecraft:white_carpet":8,"minecraft:bone":1,"minecraft:smooth_stone":1,"minecraft:beef":4,"minecraft:coal_block":2,"minecraft:oak_planks":2,"minecraft:furnace":1,"minecraft:stick":5,"minecraft:raw_iron_block":2,"minecraft:spruce_stairs":1,"minecraft:spruce_fence":1,"minecraft:porkchop":14,"minecraft:spruce_sapling":13,"minecraft:spruce_log":56,"minecraft:spider_eye":1,"minecraft:arrow":2,"minecraft:rotten_flesh":4,"minecraft:stone_axe":1,"minecraft:hay_block":8,"minecraft:emerald":2,"alexsmobs:maggot":4,"minecraft:light_gray_carpet":6,"minecraft:snowball":17,"minecraft:mutton":2,"minecraft:coal":23,"minecraft:white_wool":1,"minecraft:cobblestone":30},"minecraft:custom":{"minecraft:interact_with_furnace":12,"minecraft:mob_kills":22,"minecraft:interact_with_crafting_table":9,"minecraft:time_since_death":26887,"minecraft:sleep_in_bed":3,"minecraft:time_since_rest":9822,"minecraft:sprint_one_cm":89113,"minecraft:damage_taken":1035,"minecraft:walk_one_cm":114541,"minecraft:drop":23,"minecraft:damage_dealt":2842,"minecraft:talked_to_villager":1,"minecraft:fly_one_cm":165694,"minecraft:open_chest":5,"minecraft:crouch_one_cm":541,"minecraft:play_time":45446,"minecraft:deaths":2,"minecraft:sneak_time":287,"minecraft:walk_under_water_one_cm":1775,"minecraft:jump":899,"minecraft:walk_on_water_one_cm":7945,"minecraft:total_world_time":45446,"minecraft:fall_one_cm":21917},"minecraft:killed_by":{"minecraft:skeleton":1},"minecraft:mined":{"minecraft:smithing_table":1,"minecraft:light_gray_carpet":3,"minecraft:crafting_table":3,"minecraft:spruce_fence":1,"minecraft:grass_block":4,"minecraft:coal_block":2,"minecraft:tall_grass":1,"minecraft:copper_ore":6,"minecraft:spruce_leaves":8,"minecraft:oak_planks":2,"minecraft:spruce_stairs":1,"minecraft:large_fern":11,"minecraft:hay_block":8,"minecraft:smooth_stone":1,"minecraft:raw_iron_block":2,"minecraft:furnace":1,"minecraft:snow":1,"minecraft:ice":1,"minecraft:white_carpet":9,"minecraft:spruce_log":57,"minecraft:grass":2,"minecraft:coal_ore":23,"minecraft:dirt":24,"minecraft:packed_ice":85,"minecraft:stone":33,"minecraft:fern":1},"minecraft:dropped":{"minecraft:furnace":1,"minecraft:stone_axe":1,"alexsmobs:maggot":4,"minecraft:cooked_chicken":1,"minecraft:cooked_porkchop":3,"minecraft:rotten_flesh":3,"minecraft:light_gray_carpet":3,"minecraft:dirt":17,"minecraft:hay_block":3,"minecraft:wooden_axe":1,"minecraft:arrow":1},"minecraft:killed":{"minecraft:pig":6,"minecraft:spider":2,"minecraft:sheep":1,"minecraft:skeleton":1,"minecraft:zombie":3,"minecraft:chicken":1,"alexsmobs:fly":1,"minecraft:cow":4}},"DataVersion":3465}