{"stats":{"minecraft:used":{"minecraft:stone_sword":49,"minecraft:light_gray_carpet":3,"minecraft:spruce_planks":25,"minecraft:iron_sword":437,"minecraft:wooden_shovel":37,"minecraft:rotten_flesh":1,"minecraft:iron_chestplate":2,"minecraft:torch":109,"minecraft:dirt":46,"minecraft:mutton":2,"minecraft:white_carpet":8,"ironchest:iron_chest":1,"minecraft:granite":1,"minecraft:wooden_axe":6,"minecraft:iron_helmet":2,"minecraft:iron_boots":1,"minecraft:oak_sapling":3,"minecraft:furnace":1,"minecraft:cooked_beef":13,"minecraft:iron_leggings":1,"minecraft:iron_ore":39,"minecraft:stone_pickaxe":171,"minecraft:oak_planks":1,"minecraft:wooden_pickaxe":7,"minecraft:golden_apple":1,"minecraft:crafting_table":7,"minecraft:blast_furnace":1,"minecraft:white_bed":1,"minecraft:purple_terracotta":7,"minecraft:spruce_log":5,"minecraft:smoker":1,"minecraft:diamond_pickaxe":62,"minecraft:bread":24,"minecraft:iron_pickaxe":347,"minecraft:spruce_sapling":21,"minecraft:stone_axe":382,"minecraft:cobblestone":16,"minecraft:cooked_porkchop":11,"minecraft:smithing_table":2,"alexsmobs:animal_dictionary":1},"minecraft:killed":{"minecraft:spider":9,"minecraft:skeleton":10,"minecraft:chicken":1,"minecraft:drowned":1,"alexsmobs:bison":8,"minecraft:pig":7,"minecraft:iron_golem":1,"minecraft:sheep":1,"alexsmobs:catfish":1,"minecraft:zombie":37,"alexsmobs:fly":3,"alexsmobs:crow":1,"minecraft:enderman":1,"minecraft:cow":4},"minecraft:broken":{"minecraft:stone_axe":3},"minecraft:killed_by":{"alexsmobs:bison":1,"alexsmobs:crocodile":1,"minecraft:skeleton":1,"minecraft:zombie":2},"minecraft:dropped":{"minecraft:bread":2,"minecraft:purple_terracotta":9,"minecraft:wheat_seeds":11,"minecraft:cooked_beef":19,"minecraft:cooked_porkchop":3,"minecraft:oak_fence":4,"minecraft:feather":2,"minecraft:cobblestone":9,"minecraft:granite":6,"minecraft:cracked_stone_bricks":4,"minecraft:copper_ingot":1,"minecraft:spruce_stairs":1,"minecraft:coal":34,"alexsmobs:raw_catfish":2,"minecraft:leather_helmet":1,"minecraft:emerald":16,"minecraft:dirt":31,"minecraft:cornflower":2,"minecraft:wooden_axe":1,"minecraft:snowball":1,"immersive_armors:wooden_chestplate":2,"minecraft:string":3,"minecraft:dark_oak_planks":2,"minecraft:white_wool":3,"minecraft:spruce_sapling":2,"minecraft:dandelion":1,"minecraft:furnace":1,"minecraft:stone_axe":1,"alexsmobs:maggot":4,"minecraft:cooked_chicken":1,"minecraft:stone_sword":1,"minecraft:raw_iron":4,"minecraft:rotten_flesh":12,"minecraft:oak_planks":2,"minecraft:light_gray_carpet":3,"minecraft:spruce_fence":3,"minecraft:hay_block":3,"minecraft:iron_chestplate":1,"minecraft:leather_boots":1,"minecraft:wooden_shovel":3,"minecraft:spider_eye":2,"minecraft:stone_bricks":5,"minecraft:arrow":2,"minecraft:wooden_pickaxe":1,"minecraft:stone_pickaxe":3},"minecraft:picked_up":{"minecraft:wooden_axe":1,"minecraft:crafting_table":3,"minecraft:iron_chestplate":3,"minecraft:chicken":1,"minecraft:smithing_table":2,"minecraft:cornflower":2,"minecraft:string":5,"minecraft:raw_copper":22,"minecraft:white_carpet":8,"minecraft:cracked_stone_bricks":4,"minecraft:cobbled_deepslate":73,"minecraft:smooth_stone":1,"minecraft:spruce_planks":5,"minecraft:beef":61,"minecraft:wooden_shovel":2,"minecraft:coal_block":2,"minecraft:chest":1,"minecraft:furnace":2,"minecraft:stick":18,"minecraft:raw_iron":48,"minecraft:copper_ingot":1,"minecraft:brown_terracotta":2,"minecraft:oak_fence":4,"minecraft:torch":1,"minecraft:spruce_stairs":1,"minecraft:spruce_fence":5,"minecraft:porkchop":14,"minecraft:purple_terracotta":25,"minecraft:dark_oak_planks":4,"minecraft:arrow":9,"minecraft:rotten_flesh":26,"minecraft:diamond_chestplate":1,"minecraft:diamond_boots":1,"minecraft:hay_block":8,"minecraft:mutton":2,"minecraft:snowball":17,"minecraft:rail":10,"minecraft:white_wool":1,"minecraft:cobblestone":63,"minecraft:feather":3,"minecraft:cooked_beef":5,"minecraft:leather":3,"alexsmobs:bison_fur":9,"minecraft:tuff":55,"minecraft:chainmail_chestplate":1,"minecraft:lapis_lazuli":34,"minecraft:dirt":80,"minecraft:bone":16,"minecraft:stone_bricks":5,"minecraft:wheat_seeds":11,"minecraft:iron_ingot":5,"minecraft:oak_planks":3,"minecraft:dark_oak_stairs":3,"minecraft:black_terracotta":3,"minecraft:dandelion":1,"minecraft:raw_iron_block":4,"minecraft:spruce_sapling":30,"minecraft:blast_furnace":1,"minecraft:white_bed":1,"minecraft:spruce_log":153,"minecraft:spider_eye":3,"minecraft:leather_helmet":3,"alexsmobs:raw_catfish":2,"minecraft:diamond":5,"minecraft:stone_axe":2,"immersive_armors:wooden_chestplate":1,"minecraft:chainmail_leggings":1,"minecraft:granite":11,"minecraft:bread":3,"minecraft:emerald":9,"alexsmobs:maggot":6,"minecraft:light_gray_carpet":6,"minecraft:melon_seeds":4,"minecraft:coal":111,"minecraft:ender_pearl":1,"minecraft:diamond_pickaxe":1},"minecraft:crafted":{"minecraft:raw_iron":36,"minecraft:cooked_chicken":1,"minecraft:furnace":1,"minecraft:iron_boots":1,"minecraft:stone_pickaxe":3,"minecraft:chest":1,"minecraft:smoker":1,"minecraft:wheat":45,"minecraft:cooked_beef":39,"minecraft:wooden_shovel":1,"minecraft:emerald":4,"minecraft:cooked_porkchop":14,"minecraft:crafting_table":4,"minecraft:spruce_planks":376,"minecraft:wooden_pickaxe":1,"minecraft:iron_sword":7,"minecraft:copper_ingot":12,"minecraft:stone_axe":3,"minecraft:bread":15,"minecraft:air":0,"minecraft:stick":100,"minecraft:iron_ingot":16,"minecraft:wooden_axe":1,"minecraft:stone_sword":1,"minecraft:iron_leggings":1,"minecraft:torch":180,"ironchest:iron_chest":1},"minecraft:mined":{"minecraft:dark_oak_planks":8,"minecraft:tuff":58,"minecraft:spruce_planks":7,"minecraft:white_bed":1,"minecraft:deepslate_diamond_ore":5,"minecraft:black_terracotta":6,"minecraft:granite":7,"minecraft:purple_terracotta":26,"minecraft:grass_block":21,"minecraft:spruce_fence":5,"minecraft:coal_block":2,"minecraft:spruce_leaves":8,"minecraft:large_fern":11,"minecraft:hay_block":8,"minecraft:smooth_stone":1,"minecraft:raw_iron_block":4,"minecraft:spruce_sapling":1,"minecraft:furnace":2,"minecraft:iron_ore":16,"minecraft:snow":1,"minecraft:deepslate_lapis_ore":6,"minecraft:dark_oak_stairs":3,"minecraft:deepslate_iron_ore":32,"minecraft:oak_stairs":1,"minecraft:packed_ice":85,"minecraft:blue_orchid":1,"minecraft:stone":62,"minecraft:smithing_table":2,"minecraft:light_gray_carpet":3,"minecraft:dandelion":1,"minecraft:oak_fence":3,"minecraft:crafting_table":3,"minecraft:cornflower":2,"minecraft:blast_furnace":1,"minecraft:emerald_ore":1,"minecraft:chest":1,"minecraft:mushroom_stem":2,"minecraft:copper_ore":6,"minecraft:tall_grass":18,"minecraft:oak_planks":3,"minecraft:spruce_stairs":1,"minecraft:sweet_berry_bush":1,"minecraft:ice":1,"minecraft:white_carpet":9,"minecraft:spruce_log":154,"minecraft:jungle_fence":1,"minecraft:grass":55,"minecraft:coal_ore":111,"minecraft:dirt":28,"minecraft:brown_terracotta":6,"minecraft:cracked_stone_bricks":4,"minecraft:stone_bricks":5,"minecraft:oak_leaves":10,"minecraft:deepslate":74,"minecraft:fern":1},"minecraft:custom":{"minecraft:interact_with_smithing_table":1,"minecraft:interact_with_anvil":2,"minecraft:mob_kills":90,"minecraft:interact_with_crafting_table":24,"minecraft:open_barrel":21,"minecraft:leave_game":2,"minecraft:time_since_death":20534,"minecraft:climb_one_cm":2248,"minecraft:sprint_one_cm":294316,"minecraft:walk_one_cm":402143,"minecraft:drop":114,"minecraft:talked_to_villager":14,"minecraft:play_time":183408,"minecraft:sneak_time":5854,"minecraft:deaths":6,"minecraft:walk_under_water_one_cm":15554,"minecraft:jump":2932,"minecraft:interact_with_blast_furnace":2,"minecraft:walk_on_water_one_cm":39938,"minecraft:total_world_time":183408,"minecraft:interact_with_furnace":22,"minecraft:traded_with_villager":4,"minecraft:interact_with_loom":1,"minecraft:interact_with_grindstone":2,"minecraft:sleep_in_bed":7,"minecraft:time_since_rest":15766,"minecraft:damage_taken":4881,"minecraft:damage_absorbed":31,"minecraft:damage_dealt":16783,"minecraft:swim_one_cm":14903,"minecraft:fly_one_cm":477901,"minecraft:open_chest":45,"minecraft:crouch_one_cm":6456,"minecraft:interact_with_smoker":4,"minecraft:fall_one_cm":90235,"minecraft:inspect_dispenser":2}},"DataVersion":3465}