{"stats":{"minecraft:used":{"minecraft:stone_sword":49,"minecraft:iron_shovel":143,"minecraft:light_gray_carpet":3,"minecraft:spruce_planks":30,"minecraft:shield":2,"minecraft:iron_sword":591,"minecraft:wooden_shovel":37,"minecraft:rotten_flesh":1,"minecraft:iron_chestplate":2,"minecraft:torch":117,"minecraft:dirt":46,"minecraft:mutton":2,"minecraft:white_carpet":8,"ironchest:iron_chest":5,"minecraft:granite":1,"minecraft:wooden_axe":6,"minecraft:iron_axe":258,"minecraft:iron_helmet":2,"minecraft:iron_boots":1,"minecraft:bow":6,"minecraft:oak_sapling":7,"minecraft:furnace":1,"minecraft:cooked_beef":27,"minecraft:iron_leggings":1,"minecraft:iron_ore":39,"minecraft:stone_pickaxe":171,"minecraft:oak_planks":1,"minecraft:wooden_pickaxe":7,"minecraft:fletching_table":6,"minecraft:golden_apple":1,"minecraft:crafting_table":7,"minecraft:blast_furnace":1,"minecraft:white_bed":1,"minecraft:purple_terracotta":12,"minecraft:spruce_log":5,"minecraft:smoker":1,"minecraft:diamond_pickaxe":62,"minecraft:bread":24,"minecraft:iron_pickaxe":362,"minecraft:gravel":7,"minecraft:spruce_sapling":21,"minecraft:stone_axe":495,"minecraft:cobblestone":18,"minecraft:cooked_porkchop":11,"minecraft:smithing_table":2,"alexsmobs:animal_dictionary":1},"minecraft:killed":{"minecraft:spider":10,"minecraft:horse":2,"minecraft:skeleton":12,"minecraft:chicken":1,"minecraft:drowned":1,"alexsmobs:bison":8,"minecraft:pig":7,"minecraft:iron_golem":2,"minecraft:sheep":1,"alexsmobs:catfish":1,"minecraft:zombie":37,"alexsmobs:fly":3,"alexsmobs:crow":1,"minecraft:enderman":2,"minecraft:cow":7},"minecraft:broken":{"minecraft:iron_axe":1,"minecraft:stone_axe":3},"minecraft:killed_by":{"minecraft:player":1,"minecraft:spider":1,"minecraft:iron_golem":3,"alexsmobs:bison":1,"alexsmobs:crocodile":1,"minecraft:skeleton":1,"minecraft:zombie":2},"minecraft:dropped":{"minecraft:bread":2,"minecraft:purple_terracotta":9,"minecraft:wheat_seeds":12,"minecraft:cooked_beef":20,"minecraft:cooked_porkchop":3,"minecraft:oak_fence":4,"minecraft:feather":2,"minecraft:cobblestone":19,"minecraft:leather":4,"minecraft:fletching_table":1,"minecraft:granite":6,"minecraft:cracked_stone_bricks":4,"minecraft:copper_ingot":1,"minecraft:spruce_stairs":1,"minecraft:coal":34,"alexsmobs:raw_catfish":2,"minecraft:leather_helmet":1,"minecraft:flint":6,"minecraft:emerald":147,"minecraft:dirt":31,"minecraft:cornflower":2,"minecraft:wooden_axe":1,"minecraft:snowball":1,"minecraft:sand":55,"immersive_armors:wooden_chestplate":2,"minecraft:iron_shovel":1,"minecraft:string":7,"minecraft:dark_oak_planks":2,"minecraft:white_wool":3,"minecraft:spruce_sapling":2,"minecraft:dandelion":1,"minecraft:gravel":71,"minecraft:furnace":1,"minecraft:stone_axe":3,"alexsmobs:maggot":4,"minecraft:cooked_chicken":1,"minecraft:stone_sword":1,"minecraft:raw_iron":4,"minecraft:rotten_flesh":12,"minecraft:oak_planks":2,"minecraft:light_gray_carpet":3,"minecraft:spruce_fence":3,"minecraft:hay_block":3,"minecraft:iron_chestplate":1,"minecraft:leather_boots":1,"minecraft:wooden_shovel":3,"minecraft:spider_eye":3,"minecraft:stone_bricks":5,"minecraft:arrow":2,"minecraft:wooden_pickaxe":1,"minecraft:stone_pickaxe":3},"minecraft:picked_up":{"minecraft:wooden_axe":1,"minecraft:crafting_table":3,"minecraft:iron_chestplate":3,"minecraft:chicken":1,"minecraft:smithing_table":2,"minecraft:iron_axe":1,"minecraft:cornflower":2,"minecraft:string":11,"minecraft:raw_copper":22,"minecraft:white_carpet":8,"minecraft:iron_shovel":1,"minecraft:cracked_stone_bricks":4,"minecraft:cobbled_deepslate":73,"minecraft:smooth_stone":1,"minecraft:spruce_planks":5,"minecraft:beef":66,"minecraft:wooden_shovel":2,"minecraft:poppy":2,"minecraft:coal_block":2,"minecraft:chest":2,"minecraft:furnace":2,"minecraft:stick":53,"minecraft:raw_iron":48,"minecraft:copper_ingot":1,"minecraft:brown_terracotta":2,"minecraft:oak_fence":4,"minecraft:torch":1,"minecraft:spruce_stairs":1,"ironchest:iron_chest":1,"minecraft:spruce_fence":5,"minecraft:porkchop":14,"minecraft:purple_terracotta":30,"minecraft:dark_oak_planks":4,"minecraft:arrow":9,"minecraft:rotten_flesh":26,"minecraft:diamond_chestplate":1,"minecraft:diamond_boots":1,"minecraft:hay_block":8,"minecraft:mutton":2,"minecraft:snowball":17,"minecraft:rail":10,"minecraft:white_wool":1,"minecraft:cobblestone":100,"minecraft:feather":3,"minecraft:cooked_beef":28,"minecraft:leather":7,"alexsmobs:bison_fur":9,"minecraft:flint":6,"minecraft:tuff":55,"minecraft:oak_log":10,"minecraft:chainmail_chestplate":1,"minecraft:lapis_lazuli":34,"minecraft:dirt":81,"minecraft:bone":18,"minecraft:apple":1,"minecraft:stone_bricks":5,"minecraft:bow":1,"minecraft:wheat_seeds":13,"minecraft:grindstone":1,"minecraft:iron_ingot":56,"minecraft:fletching_table":7,"minecraft:oak_planks":3,"minecraft:dark_oak_stairs":3,"minecraft:black_terracotta":3,"minecraft:dandelion":1,"minecraft:raw_iron_block":4,"minecraft:gravel":85,"minecraft:sand":55,"minecraft:spruce_sapling":101,"minecraft:grass_block":1,"minecraft:blast_furnace":1,"minecraft:white_bed":1,"minecraft:spruce_log":419,"minecraft:spider_eye":4,"minecraft:leather_helmet":3,"alexsmobs:raw_catfish":2,"minecraft:diamond":5,"minecraft:stone_axe":2,"immersive_armors:wooden_chestplate":1,"minecraft:chainmail_leggings":1,"minecraft:iron_helmet":1,"minecraft:granite":11,"minecraft:bread":3,"minecraft:emerald":87,"minecraft:oak_sapling":4,"minecraft:sunflower":4,"alexsmobs:maggot":6,"minecraft:light_gray_carpet":6,"minecraft:melon_seeds":4,"minecraft:coal":111,"minecraft:ender_pearl":1,"minecraft:diamond_pickaxe":1},"minecraft:crafted":{"minecraft:oak_planks":40,"minecraft:raw_iron":36,"minecraft:cooked_chicken":1,"minecraft:furnace":1,"minecraft:glass":4,"minecraft:bow":11,"minecraft:iron_boots":1,"minecraft:stone_pickaxe":3,"minecraft:chest":4,"minecraft:smoker":1,"minecraft:wheat":45,"minecraft:cooked_beef":39,"minecraft:wooden_shovel":1,"minecraft:arrow":32,"minecraft:emerald":76,"minecraft:cooked_porkchop":14,"minecraft:crafting_table":4,"minecraft:spruce_planks":1384,"minecraft:wooden_pickaxe":1,"minecraft:iron_sword":7,"minecraft:copper_ingot":12,"minecraft:stone_axe":4,"minecraft:bread":15,"minecraft:air":0,"minecraft:charcoal":6,"minecraft:shield":1,"minecraft:stick":2336,"minecraft:iron_ingot":17,"minecraft:wooden_axe":1,"minecraft:stone_sword":1,"minecraft:iron_leggings":1,"minecraft:torch":180,"ironchest:iron_chest":5},"minecraft:mined":{"minecraft:dark_oak_planks":8,"minecraft:tuff":58,"minecraft:spruce_planks":7,"minecraft:white_bed":1,"minecraft:deepslate_diamond_ore":5,"minecraft:black_terracotta":6,"minecraft:granite":7,"minecraft:purple_terracotta":26,"minecraft:grass_block":22,"minecraft:spruce_fence":5,"minecraft:coal_block":2,"minecraft:spruce_leaves":8,"minecraft:large_fern":11,"minecraft:hay_block":8,"minecraft:smooth_stone":1,"minecraft:raw_iron_block":4,"minecraft:spruce_sapling":1,"minecraft:furnace":2,"minecraft:iron_ore":16,"minecraft:fire":4,"minecraft:snow":1,"minecraft:fletching_table":5,"minecraft:deepslate_lapis_ore":6,"minecraft:dark_oak_stairs":3,"minecraft:deepslate_iron_ore":32,"minecraft:oak_stairs":1,"ironchest:iron_chest":1,"minecraft:packed_ice":85,"minecraft:blue_orchid":1,"minecraft:stone":62,"minecraft:smithing_table":2,"minecraft:light_gray_carpet":3,"minecraft:glass_pane":1,"minecraft:dandelion":1,"minecraft:oak_fence":3,"minecraft:crafting_table":3,"minecraft:cornflower":2,"minecraft:blast_furnace":1,"minecraft:emerald_ore":1,"minecraft:chest":2,"minecraft:mushroom_stem":2,"minecraft:copper_ore":6,"minecraft:tall_grass":20,"minecraft:cobblestone":14,"minecraft:oak_planks":3,"minecraft:spruce_stairs":1,"minecraft:sweet_berry_bush":1,"minecraft:ice":1,"minecraft:white_carpet":9,"minecraft:spruce_log":500,"minecraft:jungle_fence":1,"minecraft:grass":86,"minecraft:oak_log":10,"minecraft:coal_ore":111,"minecraft:sand":56,"minecraft:gravel":85,"minecraft:sunflower":4,"minecraft:dirt":28,"minecraft:brown_terracotta":6,"minecraft:cracked_stone_bricks":4,"minecraft:stone_bricks":5,"minecraft:oak_leaves":13,"minecraft:deepslate":74,"minecraft:fern":1},"minecraft:custom":{"minecraft:interact_with_smithing_table":1,"minecraft:interact_with_anvil":5,"minecraft:mob_kills":100,"minecraft:interact_with_crafting_table":32,"minecraft:open_barrel":21,"minecraft:leave_game":2,"minecraft:time_since_death":3130,"minecraft:climb_one_cm":2248,"minecraft:sprint_one_cm":383160,"minecraft:walk_one_cm":514243,"minecraft:damage_blocked_by_shield":226,"minecraft:drop":157,"minecraft:talked_to_villager":47,"minecraft:play_time":231408,"minecraft:sneak_time":5902,"minecraft:deaths":13,"minecraft:walk_under_water_one_cm":17543,"minecraft:jump":3658,"minecraft:interact_with_blast_furnace":3,"minecraft:walk_on_water_one_cm":43617,"minecraft:total_world_time":231408,"minecraft:interact_with_furnace":24,"minecraft:traded_with_villager":90,"minecraft:interact_with_loom":1,"minecraft:interact_with_grindstone":3,"minecraft:sleep_in_bed":12,"minecraft:time_since_rest":2671,"minecraft:damage_taken":7756,"minecraft:damage_absorbed":31,"minecraft:damage_dealt":20469,"minecraft:player_kills":1,"minecraft:swim_one_cm":16509,"minecraft:fly_one_cm":606303,"minecraft:open_chest":67,"minecraft:crouch_one_cm":6456,"minecraft:interact_with_smoker":5,"minecraft:fall_one_cm":115917,"minecraft:inspect_dispenser":2}},"DataVersion":3465}