{"stats":{"minecraft:broken":{"minecraft:iron_axe":1},"minecraft:killed_by":{"minecraft:player":2,"minecraft:wither_skeleton":8,"minecraft:creeper":2,"minecraft:spider":2,"minecraft:cave_spider":2,"minecraft:skeleton":2},"minecraft:used":{"minecraft:stone_shovel":120,"minecraft:spruce_slab":7,"minecraft:poppy":3,"minecraft:ladder":6,"minecraft:spruce_planks":16,"minecraft:iron_sword":477,"minecraft:torch":32,"minecraft:dirt":35,"minecraft:anvil":2,"minecraft:hopper":8,"minecraft:carrot":25,"ironchest:iron_chest":8,"minecraft:iron_hoe":69,"minecraft:wooden_axe":41,"alexsmobs:lobster_tail":1,"minecraft:spruce_wood":6,"minecraft:iron_axe":284,"minecraft:rooted_dirt":16,"minecraft:birch_sapling":3,"minecraft:dark_oak_wood":6,"minecraft:smooth_quartz":31,"minecraft:golden_carrot":12,"minecraft:sweet_berries":40,"minecraft:oak_sapling":2,"ironchest:gold_chest":1,"minecraft:water_bucket":15,"minecraft:stone_pickaxe":82,"minecraft:wooden_pickaxe":10,"minecraft:sand":7,"minecraft:crafting_table":7,"minecraft:spruce_log":3,"minecraft:apple":1,"travelersbackpack:creeper":1,"minecraft:bread":37,"minecraft:iron_pickaxe":254,"ironchest:iron_to_gold_chest_upgrade":1,"minecraft:spruce_sapling":4,"minecraft:gravel":24,"minecraft:stone_axe":19,"minecraft:diamond_sword":950,"minecraft:cobblestone":170,"minecraft:bucket":18,"minecraft:bone_meal":119},"minecraft:custom":{"minecraft:mob_kills":245,"minecraft:interact_with_anvil":8,"minecraft:interact_with_crafting_table":36,"minecraft:damage_dealt_resisted":20577,"minecraft:leave_game":11,"minecraft:time_since_death":2758,"minecraft:climb_one_cm":8236,"minecraft:sprint_one_cm":214209,"minecraft:walk_one_cm":409225,"minecraft:drop":42,"minecraft:talked_to_villager":1,"minecraft:play_time":203699,"minecraft:deaths":19,"minecraft:sneak_time":800,"minecraft:walk_under_water_one_cm":8425,"minecraft:jump":2577,"minecraft:walk_on_water_one_cm":31763,"minecraft:total_world_time":203699,"minecraft:tune_noteblock":1,"minecraft:sleep_in_bed":2,"minecraft:time_since_rest":2792,"minecraft:damage_taken":9089,"minecraft:damage_absorbed":179,"minecraft:damage_dealt":78397,"minecraft:swim_one_cm":1960,"minecraft:fly_one_cm":372731,"minecraft:player_kills":7,"minecraft:open_chest":117,"minecraft:crouch_one_cm":1803,"minecraft:fall_one_cm":63408},"minecraft:crafted":{"minecraft:oak_planks":16,"minecraft:stone_shovel":1,"minecraft:bone_meal":312,"minecraft:hopper":8,"minecraft:iron_boots":1,"minecraft:iron_axe":2,"minecraft:ladder":6,"minecraft:spruce_slab":24,"minecraft:stone_pickaxe":1,"minecraft:chest":28,"minecraft:dark_oak_planks":28,"ironchest:gold_chest":1,"minecraft:crafting_table":5,"minecraft:spruce_planks":232,"minecraft:wooden_pickaxe":1,"minecraft:iron_helmet":1,"minecraft:iron_sword":1,"ironchest:iron_to_gold_chest_upgrade":1,"minecraft:iron_chestplate":1,"minecraft:stick":12,"minecraft:iron_pickaxe":3,"minecraft:wooden_axe":2,"minecraft:iron_block":3,"minecraft:iron_leggings":1,"minecraft:anvil":1,"minecraft:torch":24,"ironchest:iron_chest":9},"minecraft:dropped":{"minecraft:iron_ingot":21,"minecraft:bread":16,"minecraft:wheat_seeds":1,"minecraft:rooted_dirt":17,"minecraft:stick":1,"minecraft:dark_oak_wood":1,"minecraft:wooden_axe":2,"minecraft:bone_meal":193,"minecraft:iron_axe":1,"minecraft:iron_pickaxe":1,"minecraft:stone_axe":1,"minecraft:wither_skeleton_skull":1,"minecraft:diamond_sword":6,"minecraft:beetroot_seeds":3,"minecraft:stone_pickaxe":1},"minecraft:mined":{"minecraft:dark_oak_planks":4,"minecraft:spruce_planks":13,"minecraft:farmland":1,"minecraft:grass_block":19,"minecraft:spruce_fence":1,"minecraft:spruce_leaves":7,"minecraft:hopper":1,"minecraft:rooted_dirt":14,"minecraft:spawner":7,"minecraft:large_fern":8,"minecraft:carrots":2,"minecraft:iron_ore":1,"minecraft:stripped_spruce_log":5,"minecraft:bookshelf":2,"minecraft:dirt_path":2,"minecraft:spruce_wood":13,"minecraft:stone":190,"minecraft:spruce_slab":2,"minecraft:podzol":14,"minecraft:crafting_table":2,"minecraft:torch":4,"minecraft:dark_oak_wood":15,"minecraft:cobblestone":46,"minecraft:wall_torch":4,"minecraft:coarse_dirt":10,"minecraft:sweet_berry_bush":4,"minecraft:wheat":1,"minecraft:spruce_log":148,"minecraft:grass":16,"minecraft:coal_ore":9,"minecraft:oak_log":4,"minecraft:smooth_quartz":70,"minecraft:cyan_carpet":2,"minecraft:gravel":68,"minecraft:dirt":3,"minecraft:cobweb":1,"minecraft:oak_leaves":4,"minecraft:fern":5},"minecraft:picked_up":{"minecraft:wooden_axe":1,"minecraft:crafting_table":2,"minecraft:coarse_dirt":14,"minecraft:diamond_sword":5,"minecraft:string":31,"travelersbackpack:creeper":1,"minecraft:spruce_planks":844,"minecraft:poppy":3,"minecraft:smooth_quartz":69,"minecraft:spruce_slab":2,"minecraft:birch_sapling":2,"minecraft:raw_iron":1,"minecraft:stick":28,"minecraft:sandstone":3,"minecraft:torch":13,"minecraft:spruce_stairs":1,"minecraft:spruce_fence":1,"minecraft:carrot":28,"minecraft:dark_oak_planks":2,"minecraft:arrow":15,"minecraft:rotten_flesh":14,"alexsmobs:lobster_tail":1,"minecraft:cobblestone":223,"minecraft:golden_carrot":4,"minecraft:water_bucket":1,"minecraft:flint":7,"minecraft:oak_log":4,"minecraft:wither_skeleton_skull":2,"minecraft:dirt":48,"minecraft:hanging_roots":14,"minecraft:bone":99,"minecraft:apple":1,"minecraft:wheat_seeds":7,"minecraft:spruce_wood":10,"minecraft:iron_ingot":12,"minecraft:book":15,"minecraft:sweet_berries":22,"minecraft:gravel":61,"minecraft:sand":8,"minecraft:stripped_spruce_log":4,"minecraft:spruce_sapling":51,"minecraft:spruce_log":142,"minecraft:spider_eye":13,"minecraft:iron_hoe":1,"minecraft:stone_axe":1,"minecraft:bone_meal":1,"minecraft:bread":11,"minecraft:rooted_dirt":36,"minecraft:oak_sapling":2,"minecraft:dark_oak_wood":14,"minecraft:coal":32},"minecraft:killed":{"alexsmobs:lobster":1,"minecraft:cave_spider":12,"minecraft:spider":18,"minecraft:skeleton":16,"minecraft:drowned":1,"alexsmobs:seal":2,"minecraft:iron_golem":2,"minecraft:creeper":1,"minecraft:zombie":12,"alexsmobs:crocodile":1,"minecraft:wither_skeleton":179}},"DataVersion":3465}