{"stats":{"minecraft:used":{"minecraft:iron_shovel":143,"minecraft:shield":10,"minecraft:iron_sword":831,"minecraft:rotten_flesh":1,"minecraft:iron_chestplate":2,"minecraft:mutton":2,"ironchest:iron_chest":5,"enchantinginfuser:advanced_enchanting_infuser":1,"minecraft:iron_helmet":2,"minecraft:bow":128,"minecraft:furnace":1,"minecraft:oak_sapling":7,"minecraft:diorite":1,"minecraft:diamond_boots":1,"minecraft:stone_pickaxe":171,"minecraft:oak_planks":1,"minecraft:wooden_pickaxe":7,"minecraft:golden_apple":1,"minecraft:white_wool":1,"minecraft:dark_oak_trapdoor":1,"minecraft:blast_furnace":1,"minecraft:purple_terracotta":13,"minecraft:redstone_torch":1,"minecraft:bread":57,"minecraft:lectern":10,"ironchest:iron_to_gold_chest_upgrade":1,"minecraft:gravel":7,"minecraft:diamond_sword":5,"minecraft:grindstone":1,"minecraft:smithing_table":2,"minecraft:stone_sword":49,"minecraft:light_gray_carpet":3,"minecraft:spruce_planks":30,"minecraft:wooden_shovel":37,"minecraft:torch":130,"minecraft:dirt":75,"minecraft:white_carpet":8,"minecraft:granite":1,"minecraft:wooden_axe":6,"minecraft:bookshelf":28,"minecraft:iron_axe":960,"minecraft:oak_stairs":1,"minecraft:iron_boots":1,"minecraft:diamond_chestplate":1,"ironchest:gold_chest":1,"minecraft:cooked_beef":35,"minecraft:iron_leggings":1,"minecraft:calcite":4,"minecraft:cooked_mutton":2,"minecraft:iron_ore":39,"minecraft:fletching_table":7,"minecraft:crafting_table":7,"minecraft:white_bed":1,"minecraft:spruce_log":8,"minecraft:smoker":2,"minecraft:diamond_pickaxe":62,"minecraft:iron_pickaxe":460,"minecraft:spruce_sapling":55,"minecraft:stone_axe":707,"minecraft:cobblestone":33,"minecraft:potion":1,"travelersbackpack:standard":1,"minecraft:cooked_porkchop":11,"alexsmobs:animal_dictionary":1,"minecraft:diamond_leggings":1},"minecraft:killed":{"minecraft:spider":10,"minecraft:skeleton":20,"minecraft:chicken":1,"minecraft:pig":7,"minecraft:iron_golem":6,"minecraft:creeper":2,"minecraft:sheep":7,"minecraft:zombie":40,"alexsmobs:fly":4,"minecraft:cow":11,"minecraft:horse":2,"minecraft:drowned":1,"alexsmobs:bison":14,"minecraft:husk":23,"alexsmobs:catfish":1,"alexsmobs:crow":1,"minecraft:enderman":2},"minecraft:broken":{"minecraft:stone_axe":4,"minecraft:iron_axe":2},"minecraft:killed_by":{"alexsmobs:crocodile":1,"minecraft:zombie":2,"minecraft:player":1,"minecraft:spider":1,"minecraft:iron_golem":4,"alexsmobs:bison":1,"minecraft:skeleton":2},"minecraft:dropped":{"minecraft:iron_sword":1,"minecraft:cooked_beef":28,"minecraft:glass_bottle":1,"minecraft:cooked_porkchop":3,"minecraft:leather":4,"minecraft:fletching_table":1,"minecraft:cracked_stone_bricks":4,"minecraft:leather_helmet":1,"minecraft:flint":6,"minecraft:emerald":190,"minecraft:dirt":38,"minecraft:cornflower":2,"minecraft:snowball":1,"minecraft:sand":55,"immersive_armors:wooden_chestplate":2,"minecraft:dark_oak_planks":2,"minecraft:white_wool":3,"minecraft:gravel":71,"minecraft:stone_axe":3,"minecraft:cooked_chicken":1,"minecraft:rotten_flesh":12,"minecraft:oak_planks":2,"minecraft:light_gray_carpet":3,"minecraft:poppy":2,"minecraft:leather_boots":1,"minecraft:arrow":2,"minecraft:iron_ingot":64,"minecraft:bread":44,"minecraft:purple_terracotta":9,"minecraft:wheat_seeds":13,"minecraft:oak_fence":4,"minecraft:feather":2,"minecraft:cobblestone":19,"minecraft:book":6,"minecraft:granite":6,"minecraft:copper_ingot":1,"minecraft:spruce_stairs":1,"minecraft:coal":34,"alexsmobs:raw_catfish":2,"minecraft:stick":270,"minecraft:wooden_axe":1,"minecraft:iron_shovel":1,"minecraft:string":7,"minecraft:spruce_sapling":31,"minecraft:dandelion":1,"minecraft:furnace":1,"alexsmobs:maggot":4,"minecraft:stone_sword":1,"minecraft:raw_iron":4,"minecraft:stone_shovel":1,"minecraft:spruce_fence":3,"minecraft:hay_block":3,"minecraft:iron_chestplate":1,"minecraft:diamond_pickaxe":2,"minecraft:oak_sapling":1,"minecraft:wooden_shovel":3,"minecraft:spider_eye":3,"minecraft:stone_bricks":5,"minecraft:diamond_boots":1,"minecraft:stone_pickaxe":3,"minecraft:wooden_pickaxe":1,"minecraft:calcite":15},"minecraft:picked_up":{"minecraft:wooden_axe":1,"minecraft:iron_chestplate":3,"minecraft:smithing_table":2,"minecraft:diamond_sword":2,"minecraft:oak_stairs":1,"minecraft:potion":1,"minecraft:dark_oak_trapdoor":1,"minecraft:string":11,"minecraft:raw_copper":22,"minecraft:red_nether_bricks":3,"minecraft:diamond_leggings":1,"minecraft:cobbled_deepslate":73,"minecraft:smooth_stone":1,"minecraft:spruce_planks":65,"minecraft:redstone_torch":1,"minecraft:calcite":19,"minecraft:wooden_shovel":2,"minecraft:coal_block":6,"minecraft:smooth_quartz_stairs":4,"minecraft:furnace":2,"minecraft:stick":142,"minecraft:brown_terracotta":2,"minecraft:oak_fence":4,"minecraft:torch":3,"minecraft:spruce_stairs":1,"minecraft:porkchop":14,"minecraft:diorite":1,"minecraft:rotten_flesh":39,"minecraft:bookshelf":24,"minecraft:snowball":17,"minecraft:cobblestone":132,"minecraft:feather":3,"minecraft:cooked_beef":28,"alexsmobs:bison_fur":16,"minecraft:flint":6,"minecraft:tuff":55,"minecraft:lapis_lazuli":34,"minecraft:mangrove_slab":1,"minecraft:dirt":118,"minecraft:bone":20,"minecraft:bow":1,"minecraft:wheat_seeds":20,"minecraft:grindstone":1,"minecraft:fletching_table":8,"minecraft:oak_planks":3,"minecraft:black_terracotta":3,"minecraft:sand":55,"minecraft:grass_block":1,"minecraft:diamond":5,"minecraft:granite":11,"minecraft:bread":20,"minecraft:emerald":148,"alexsmobs:maggot":7,"minecraft:oak_sapling":35,"minecraft:light_gray_carpet":6,"minecraft:diamond_pickaxe":1,"minecraft:crafting_table":3,"minecraft:chicken":1,"minecraft:cornflower":2,"minecraft:iron_axe":1,"minecraft:white_carpet":8,"minecraft:iron_shovel":1,"minecraft:cracked_stone_bricks":4,"minecraft:beef":93,"minecraft:poppy":8,"minecraft:lectern":9,"minecraft:chest":2,"minecraft:spruce_trapdoor":3,"minecraft:raw_iron":48,"minecraft:stripped_mangrove_wood":1,"minecraft:copper_ingot":1,"ironchest:iron_chest":1,"minecraft:spruce_fence":6,"minecraft:purple_terracotta":31,"minecraft:dark_oak_planks":4,"minecraft:arrow":13,"minecraft:diamond_chestplate":2,"minecraft:diamond_boots":2,"minecraft:hay_block":8,"minecraft:mutton":12,"minecraft:white_wool":7,"minecraft:rail":10,"minecraft:tripwire_hook":1,"minecraft:leather":12,"minecraft:oak_log":64,"minecraft:chainmail_chestplate":1,"minecraft:apple":3,"minecraft:stone_bricks":5,"minecraft:iron_ingot":78,"minecraft:glass_bottle":1,"minecraft:iron_sword":1,"minecraft:dark_oak_stairs":3,"minecraft:book":54,"minecraft:dandelion":1,"minecraft:raw_iron_block":4,"minecraft:gravel":85,"minecraft:spruce_sapling":181,"minecraft:blast_furnace":2,"minecraft:white_bed":1,"minecraft:spruce_log":1201,"minecraft:spider_eye":4,"minecraft:leather_helmet":3,"alexsmobs:raw_catfish":2,"travelersbackpack:standard":1,"minecraft:stone_axe":2,"immersive_armors:wooden_chestplate":1,"minecraft:chainmail_leggings":1,"minecraft:iron_helmet":1,"minecraft:painting":1,"minecraft:melon_seeds":4,"minecraft:coal":113,"minecraft:sunflower":5,"minecraft:ender_pearl":1},"minecraft:crafted":{"minecraft:oak_planks":80,"minecraft:cooked_chicken":1,"minecraft:bookshelf":4,"minecraft:cooked_mutton":2,"minecraft:glass":4,"minecraft:diamond_helmet":1,"minecraft:bow":12,"minecraft:iron_boots":1,"minecraft:chest":4,"minecraft:smoker":1,"minecraft:wooden_shovel":1,"minecraft:emerald":396,"minecraft:arrow":208,"minecraft:cooked_porkchop":14,"minecraft:diamond_axe":3,"minecraft:crafting_table":4,"minecraft:spruce_planks":4550,"minecraft:wooden_pickaxe":1,"minecraft:copper_ingot":12,"minecraft:charcoal":6,"minecraft:diamond_pickaxe":2,"minecraft:shield":1,"minecraft:stick":8816,"minecraft:iron_ingot":17,"minecraft:iron_pickaxe":3,"minecraft:iron_block":64,"minecraft:stone_sword":1,"minecraft:raw_iron":36,"minecraft:stone_shovel":12,"minecraft:furnace":1,"minecraft:iron_axe":5,"minecraft:stone_pickaxe":3,"minecraft:wheat":162,"minecraft:cooked_beef":60,"ironchest:gold_chest":1,"minecraft:diamond_sword":1,"minecraft:iron_sword":8,"minecraft:stone_axe":21,"minecraft:bread":54,"minecraft:air":0,"ironchest:iron_to_gold_chest_upgrade":1,"minecraft:wooden_axe":1,"minecraft:iron_leggings":1,"minecraft:torch":192,"ironchest:iron_chest":5},"minecraft:mined":{"minecraft:dark_oak_planks":8,"minecraft:spruce_planks":7,"minecraft:white_bed":1,"minecraft:black_terracotta":6,"minecraft:red_nether_bricks":3,"minecraft:spruce_trapdoor":3,"minecraft:granite":7,"minecraft:grass_block":34,"minecraft:coal_block":6,"minecraft:spawner":1,"minecraft:smooth_stone":1,"minecraft:raw_iron_block":4,"minecraft:dark_oak_trapdoor":4,"minecraft:iron_ore":16,"minecraft:fire":7,"minecraft:fletching_table":6,"minecraft:deepslate_lapis_ore":6,"minecraft:dark_oak_stairs":3,"minecraft:dirt_path":4,"minecraft:oak_stairs":2,"minecraft:blue_orchid":1,"minecraft:stripped_mangrove_wood":1,"minecraft:blast_furnace":3,"minecraft:calcite":23,"minecraft:chest":2,"minecraft:mushroom_stem":2,"minecraft:cobblestone":14,"minecraft:oak_planks":3,"minecraft:wall_torch":1,"minecraft:grass":123,"minecraft:oak_log":64,"minecraft:sand":56,"minecraft:dirt":51,"minecraft:tripwire_hook":1,"minecraft:oak_leaves":20,"minecraft:deepslate":74,"minecraft:tuff":58,"minecraft:deepslate_diamond_ore":5,"minecraft:purple_terracotta":27,"minecraft:spruce_fence":6,"minecraft:spruce_leaves":17,"minecraft:large_fern":11,"minecraft:hay_block":8,"minecraft:spruce_sapling":2,"minecraft:furnace":2,"minecraft:snow":1,"minecraft:bookshelf":2,"minecraft:deepslate_iron_ore":32,"ironchest:iron_chest":1,"minecraft:packed_ice":85,"minecraft:smooth_quartz_stairs":4,"minecraft:stone":94,"minecraft:smithing_table":2,"minecraft:light_gray_carpet":3,"minecraft:glass_pane":1,"minecraft:dandelion":1,"minecraft:oak_fence":3,"minecraft:crafting_table":3,"minecraft:cornflower":2,"minecraft:emerald_ore":1,"minecraft:lectern":9,"minecraft:tall_grass":43,"minecraft:copper_ore":6,"minecraft:deepslate_coal_ore":1,"minecraft:diorite":1,"minecraft:spruce_stairs":1,"minecraft:sweet_berry_bush":1,"minecraft:ice":1,"minecraft:white_carpet":9,"minecraft:spruce_log":1280,"minecraft:jungle_fence":1,"minecraft:mangrove_slab":1,"minecraft:coal_ore":112,"minecraft:sunflower":5,"minecraft:gravel":85,"minecraft:brown_terracotta":6,"minecraft:cracked_stone_bricks":4,"minecraft:stone_bricks":5,"minecraft:fern":1},"minecraft:custom":{"minecraft:interact_with_crafting_table":47,"minecraft:open_barrel":29,"minecraft:leave_game":3,"minecraft:time_since_death":42034,"minecraft:sprint_one_cm":647147,"minecraft:damage_blocked_by_shield":346,"minecraft:drop":237,"minecraft:talked_to_villager":172,"minecraft:play_time":374799,"minecraft:deaths":19,"minecraft:jump":5883,"minecraft:enchant_item":3,"minecraft:walk_on_water_one_cm":49884,"minecraft:interact_with_furnace":27,"minecraft:traded_with_villager":466,"minecraft:interact_with_loom":1,"minecraft:sleep_in_bed":22,"minecraft:damage_dealt":33979,"minecraft:player_kills":5,"minecraft:crouch_one_cm":7150,"minecraft:interact_with_smoker":8,"minecraft:inspect_dispenser":2,"minecraft:interact_with_smithing_table":1,"minecraft:mob_kills":157,"minecraft:interact_with_anvil":11,"minecraft:climb_one_cm":3588,"minecraft:walk_one_cm":787771,"minecraft:sneak_time":6601,"minecraft:walk_under_water_one_cm":19077,"minecraft:interact_with_blast_furnace":5,"minecraft:total_world_time":374799,"minecraft:interact_with_grindstone":4,"minecraft:time_since_rest":16405,"minecraft:damage_taken":10504,"minecraft:damage_absorbed":31,"minecraft:swim_one_cm":19855,"minecraft:fly_one_cm":1019656,"minecraft:open_chest":123,"minecraft:fall_one_cm":207087}},"DataVersion":3465}