{"stats":{"minecraft:broken":{"minecraft:iron_axe":1},"minecraft:killed_by":{"minecraft:player":2,"minecraft:wither_skeleton":7,"minecraft:creeper":1,"minecraft:spider":2,"minecraft:cave_spider":2,"minecraft:skeleton":2},"minecraft:used":{"minecraft:stone_shovel":54,"minecraft:spruce_slab":7,"minecraft:poppy":3,"minecraft:ladder":6,"minecraft:spruce_planks":16,"minecraft:iron_sword":477,"minecraft:torch":32,"minecraft:dirt":2,"minecraft:anvil":2,"minecraft:hopper":8,"ironchest:iron_chest":8,"minecraft:wooden_axe":41,"alexsmobs:lobster_tail":1,"minecraft:spruce_wood":6,"minecraft:iron_axe":284,"minecraft:dark_oak_wood":6,"minecraft:smooth_quartz":31,"minecraft:golden_carrot":12,"minecraft:sweet_berries":40,"minecraft:oak_sapling":2,"minecraft:water_bucket":15,"minecraft:stone_pickaxe":82,"minecraft:wooden_pickaxe":10,"minecraft:sand":7,"minecraft:crafting_table":7,"minecraft:spruce_log":3,"minecraft:apple":1,"travelersbackpack:creeper":1,"minecraft:bread":33,"minecraft:iron_pickaxe":241,"minecraft:spruce_sapling":4,"minecraft:gravel":24,"minecraft:stone_axe":19,"minecraft:diamond_sword":702,"minecraft:cobblestone":162,"minecraft:bucket":18},"minecraft:custom":{"minecraft:mob_kills":195,"minecraft:interact_with_anvil":6,"minecraft:interact_with_crafting_table":31,"minecraft:damage_dealt_resisted":15848,"minecraft:leave_game":11,"minecraft:time_since_death":80960,"minecraft:climb_one_cm":3852,"minecraft:sprint_one_cm":195900,"minecraft:walk_one_cm":356081,"minecraft:drop":37,"minecraft:talked_to_villager":1,"minecraft:play_time":179699,"minecraft:deaths":17,"minecraft:sneak_time":784,"minecraft:walk_under_water_one_cm":6452,"minecraft:jump":2263,"minecraft:walk_on_water_one_cm":27014,"minecraft:total_world_time":179699,"minecraft:tune_noteblock":1,"minecraft:sleep_in_bed":2,"minecraft:time_since_rest":36599,"minecraft:damage_taken":7957,"minecraft:damage_absorbed":157,"minecraft:damage_dealt":63309,"minecraft:fly_one_cm":332394,"minecraft:player_kills":4,"minecraft:open_chest":91,"minecraft:crouch_one_cm":1803,"minecraft:fall_one_cm":54412},"minecraft:crafted":{"minecraft:oak_planks":16,"minecraft:stone_shovel":1,"minecraft:bone_meal":192,"minecraft:hopper":8,"minecraft:iron_boots":1,"minecraft:iron_axe":2,"minecraft:ladder":6,"minecraft:spruce_slab":24,"minecraft:stone_pickaxe":1,"minecraft:chest":28,"minecraft:dark_oak_planks":28,"minecraft:crafting_table":5,"minecraft:spruce_planks":232,"minecraft:wooden_pickaxe":1,"minecraft:iron_helmet":1,"minecraft:iron_sword":1,"minecraft:iron_chestplate":1,"minecraft:stick":12,"minecraft:iron_pickaxe":3,"minecraft:wooden_axe":2,"minecraft:iron_block":3,"minecraft:iron_leggings":1,"minecraft:anvil":1,"minecraft:torch":24,"ironchest:iron_chest":8},"minecraft:dropped":{"minecraft:iron_ingot":21,"minecraft:bread":16,"minecraft:wheat_seeds":1,"minecraft:dark_oak_wood":1,"minecraft:wooden_axe":2,"minecraft:bone_meal":192,"minecraft:iron_axe":1,"minecraft:iron_pickaxe":1,"minecraft:stone_axe":1,"minecraft:wither_skeleton_skull":1,"minecraft:diamond_sword":5,"minecraft:beetroot_seeds":3,"minecraft:stone_pickaxe":1},"minecraft:mined":{"minecraft:dark_oak_planks":4,"minecraft:spruce_planks":13,"minecraft:grass_block":2,"minecraft:spruce_fence":1,"minecraft:spruce_leaves":7,"minecraft:hopper":1,"minecraft:spawner":7,"minecraft:large_fern":7,"minecraft:iron_ore":1,"minecraft:stripped_spruce_log":5,"minecraft:bookshelf":2,"minecraft:spruce_wood":13,"minecraft:stone":180,"minecraft:spruce_slab":2,"minecraft:podzol":1,"minecraft:crafting_table":2,"minecraft:torch":4,"minecraft:dark_oak_wood":15,"minecraft:cobblestone":46,"minecraft:wall_torch":4,"minecraft:sweet_berry_bush":4,"minecraft:wheat":1,"minecraft:spruce_log":148,"minecraft:grass":15,"minecraft:coal_ore":6,"minecraft:oak_log":4,"minecraft:smooth_quartz":70,"minecraft:cyan_carpet":2,"minecraft:gravel":59,"minecraft:dirt":2,"minecraft:cobweb":1,"minecraft:oak_leaves":4,"minecraft:fern":3},"minecraft:picked_up":{"minecraft:wooden_axe":1,"minecraft:crafting_table":2,"minecraft:coarse_dirt":3,"minecraft:diamond_sword":5,"minecraft:string":31,"travelersbackpack:creeper":1,"minecraft:spruce_planks":844,"minecraft:poppy":3,"minecraft:smooth_quartz":69,"minecraft:spruce_slab":2,"minecraft:raw_iron":1,"minecraft:stick":26,"minecraft:sandstone":3,"minecraft:torch":13,"minecraft:spruce_stairs":1,"minecraft:spruce_fence":1,"minecraft:dark_oak_planks":2,"minecraft:arrow":15,"minecraft:rotten_flesh":10,"alexsmobs:lobster_tail":1,"minecraft:cobblestone":209,"minecraft:golden_carrot":4,"minecraft:water_bucket":1,"minecraft:flint":7,"minecraft:oak_log":4,"minecraft:wither_skeleton_skull":2,"minecraft:dirt":7,"minecraft:bone":99,"minecraft:apple":1,"minecraft:wheat_seeds":5,"minecraft:spruce_wood":10,"minecraft:iron_ingot":12,"minecraft:book":15,"minecraft:sweet_berries":22,"minecraft:gravel":51,"minecraft:sand":7,"minecraft:stripped_spruce_log":4,"minecraft:spruce_sapling":47,"minecraft:spruce_log":142,"minecraft:spider_eye":13,"minecraft:stone_axe":1,"minecraft:bread":11,"minecraft:rooted_dirt":4,"minecraft:oak_sapling":2,"minecraft:dark_oak_wood":14,"minecraft:coal":29},"minecraft:killed":{"alexsmobs:lobster":1,"minecraft:cave_spider":12,"minecraft:spider":17,"minecraft:skeleton":16,"alexsmobs:seal":2,"minecraft:iron_golem":2,"minecraft:creeper":1,"minecraft:zombie":9,"alexsmobs:crocodile":1,"minecraft:wither_skeleton":134}},"DataVersion":3465}