{"stats":{"minecraft:crafted":{"minecraft:oak_planks":92,"minecraft:cooked_chicken":1,"minecraft:diamond_shovel":1,"minecraft:bookshelf":4,"minecraft:cooked_mutton":2,"minecraft:glass":54,"minecraft:diamond_helmet":1,"minecraft:bow":12,"minecraft:iron_boots":13,"minecraft:chest":4,"minecraft:smoker":1,"minecraft:wooden_shovel":1,"travelersbackpack:iron_tier_upgrade":2,"minecraft:emerald":480,"minecraft:arrow":208,"minecraft:cooked_porkchop":14,"minecraft:diamond_axe":4,"minecraft:crafting_table":5,"minecraft:spruce_planks":4550,"minecraft:wooden_pickaxe":1,"minecraft:chainmail_chestplate":10,"minecraft:copper_ingot":12,"minecraft:charcoal":6,"minecraft:diamond_pickaxe":3,"minecraft:shield":1,"minecraft:stick":8836,"minecraft:iron_ingot":37,"minecraft:iron_pickaxe":3,"minecraft:iron_block":64,"minecraft:stone_sword":1,"minecraft:raw_iron":36,"minecraft:stone_shovel":12,"minecraft:furnace":3,"travelersbackpack:blank_upgrade":4,"travelersbackpack:gold_tier_upgrade":1,"minecraft:iron_axe":5,"travelersbackpack:gold":1,"minecraft:stone_pickaxe":3,"minecraft:wheat":162,"minecraft:cooked_beef":60,"ironchest:gold_chest":1,"minecraft:diamond_sword":1,"travelersbackpack:backpack_tank":2,"minecraft:iron_sword":8,"minecraft:stone_axe":21,"minecraft:bread":54,"minecraft:air":0,"ironchest:iron_to_gold_chest_upgrade":1,"minecraft:chainmail_boots":12,"minecraft:wooden_axe":1,"minecraft:iron_leggings":1,"minecraft:torch":256,"ironchest:iron_chest":5},"minecraft:dropped":{"minecraft:crimson_stem":30,"minecraft:iron_sword":2,"minecraft:soul_sand":2,"minecraft:stripped_mangrove_wood":1,"minecraft:diamond_axe":3,"minecraft:cooked_beef":56,"minecraft:glass_bottle":2,"minecraft:diamond":64,"minecraft:cooked_porkchop":3,"minecraft:leather":121,"minecraft:fletching_table":1,"minecraft:cracked_stone_bricks":4,"alexsmobs:bison_fur":13,"minecraft:leather_helmet":1,"minecraft:flint":6,"minecraft:emerald":190,"minecraft:dirt":170,"minecraft:cornflower":2,"minecraft:snowball":1,"minecraft:gold_nugget":34,"minecraft:sunflower":2,"minecraft:sand":55,"minecraft:polished_blackstone_bricks":6,"immersive_armors:wooden_chestplate":2,"minecraft:dark_oak_planks":2,"minecraft:white_wool":3,"minecraft:gold_ingot":2391,"minecraft:gravel":466,"alexsmobs:centipede_leg":2,"minecraft:stone_axe":3,"minecraft:blackstone":153,"minecraft:cooked_chicken":10,"minecraft:iron_nugget":195,"minecraft:cobbled_deepslate":19,"minecraft:nether_brick":133,"minecraft:obsidian":4,"minecraft:rotten_flesh":18,"minecraft:oak_planks":3,"minecraft:light_gray_carpet":3,"minecraft:cooked_mutton":36,"minecraft:chainmail_chestplate":10,"travelersbackpack:gold":1,"minecraft:poppy":3,"minecraft:gunpowder":9,"minecraft:leather_boots":1,"minecraft:chainmail_boots":12,"minecraft:arrow":2,"minecraft:quartz":124,"minecraft:netherrack":364,"minecraft:iron_ingot":70,"minecraft:bread":57,"minecraft:purple_terracotta":9,"minecraft:wheat_seeds":235,"minecraft:feather":17,"minecraft:oak_fence":4,"minecraft:cobblestone":19,"minecraft:book":149,"minecraft:spectral_arrow":184,"minecraft:granite":6,"minecraft:copper_ingot":1,"minecraft:spruce_stairs":1,"minecraft:coal":63,"alexsmobs:raw_catfish":2,"minecraft:stick":270,"minecraft:wooden_axe":1,"minecraft:nether_wart_block":68,"minecraft:fire_charge":13,"minecraft:potion":13,"minecraft:iron_shovel":1,"minecraft:string":170,"minecraft:spruce_sapling":31,"minecraft:dandelion":1,"minecraft:furnace":1,"alexsmobs:maggot":4,"minecraft:stone_sword":1,"alexsmobs:pigshoes":6,"minecraft:raw_iron":11,"minecraft:stone_shovel":1,"minecraft:iron_boots":13,"minecraft:spruce_fence":3,"minecraft:diamond_sword":1,"minecraft:potato":9,"minecraft:hay_block":3,"alexsmobs:cockroach_wing_fragment":1,"minecraft:spruce_planks":2,"minecraft:iron_chestplate":1,"minecraft:diamond_pickaxe":4,"minecraft:oak_sapling":1,"minecraft:wooden_shovel":3,"minecraft:spider_eye":3,"minecraft:stone_bricks":5,"minecraft:bamboo":4,"minecraft:diamond_boots":1,"minecraft:magma_cream":3,"minecraft:bow":1,"minecraft:stone_pickaxe":3,"minecraft:wooden_pickaxe":1,"minecraft:calcite":15},"minecraft:mined":{"minecraft:dark_oak_planks":8,"minecraft:spruce_planks":7,"minecraft:white_bed":1,"minecraft:black_terracotta":6,"minecraft:red_nether_bricks":3,"minecraft:obsidian":4,"minecraft:spruce_trapdoor":3,"minecraft:granite":7,"minecraft:grass_block":73,"minecraft:cracked_polished_blackstone_bricks":2,"minecraft:coal_block":6,"minecraft:spawner":1,"minecraft:smooth_stone":1,"minecraft:polished_blackstone_bricks":10,"minecraft:weeping_vines_plant":1,"minecraft:raw_iron_block":4,"minecraft:magma_block":102,"minecraft:dark_oak_trapdoor":4,"minecraft:iron_ore":17,"minecraft:fire":18,"minecraft:fletching_table":6,"minecraft:deepslate_lapis_ore":6,"minecraft:dark_oak_stairs":3,"minecraft:dirt_path":4,"minecraft:oak_stairs":4,"minecraft:stripped_mangrove_wood":1,"minecraft:blue_orchid":1,"minecraft:blackstone":7,"minecraft:soul_fire":4,"minecraft:clay":32,"minecraft:torch":3,"minecraft:blast_furnace":3,"minecraft:calcite":23,"minecraft:chest":2,"minecraft:mushroom_stem":2,"minecraft:nether_quartz_ore":14,"minecraft:cobblestone":32,"minecraft:oak_planks":4,"minecraft:wall_torch":3,"minecraft:nether_wart_block":263,"minecraft:birch_log":9,"minecraft:stone_brick_stairs":1,"minecraft:grass":187,"minecraft:oak_log":73,"minecraft:sand":212,"minecraft:dirt":144,"minecraft:tripwire_hook":1,"minecraft:netherrack":1523,"minecraft:oak_leaves":21,"minecraft:deepslate":145,"minecraft:infested_deepslate":2,"minecraft:nether_gold_ore":11,"minecraft:tuff":60,"minecraft:deepslate_diamond_ore":7,"minecraft:purple_terracotta":27,"minecraft:spruce_fence":6,"minecraft:crimson_roots":1,"minecraft:spruce_leaves":17,"minecraft:crimson_stem":37,"minecraft:large_fern":23,"minecraft:hay_block":8,"minecraft:packed_mud":1,"minecraft:spruce_sapling":2,"minecraft:furnace":2,"minecraft:snow":1,"minecraft:acacia_wood":126,"minecraft:bookshelf":2,"minecraft:vine":1,"minecraft:deepslate_iron_ore":34,"minecraft:shroomlight":8,"ironchest:iron_chest":1,"minecraft:stripped_oak_log":1,"minecraft:packed_ice":85,"minecraft:smooth_quartz_stairs":4,"minecraft:bamboo":4,"minecraft:stone":118,"minecraft:bone_block":62,"minecraft:smithing_table":2,"minecraft:light_gray_carpet":3,"minecraft:glass_pane":1,"minecraft:dandelion":2,"minecraft:oak_fence":3,"minecraft:cornflower":2,"minecraft:crafting_table":3,"minecraft:emerald_ore":3,"minecraft:lectern":9,"minecraft:copper_ore":9,"minecraft:tall_grass":66,"minecraft:deepslate_coal_ore":1,"minecraft:deepslate_gold_ore":7,"minecraft:diorite":1,"minecraft:spruce_stairs":1,"minecraft:coarse_dirt":10,"minecraft:sweet_berry_bush":1,"minecraft:ice":1,"minecraft:white_carpet":9,"minecraft:spruce_log":1280,"minecraft:jungle_fence":1,"minecraft:mangrove_slab":1,"minecraft:coal_ore":119,"minecraft:sunflower":6,"minecraft:gravel":178,"minecraft:brown_terracotta":6,"minecraft:cracked_stone_bricks":4,"minecraft:stone_bricks":5,"minecraft:fern":1},"minecraft:picked_up":{"minecraft:wooden_axe":1,"minecraft:iron_chestplate":3,"minecraft:chainmail_boots":1,"minecraft:smithing_table":2,"minecraft:diamond_sword":3,"minecraft:oak_stairs":1,"minecraft:potion":16,"minecraft:nether_brick":133,"minecraft:string":214,"minecraft:dark_oak_trapdoor":1,"minecraft:raw_copper":61,"minecraft:red_nether_bricks":3,"alexsmobs:dropbear_claw":4,"minecraft:cobbled_deepslate":92,"minecraft:diamond_leggings":1,"minecraft:smooth_stone":1,"minecraft:gold_nugget":82,"minecraft:spruce_planks":65,"minecraft:redstone_torch":1,"minecraft:calcite":19,"minecraft:wooden_shovel":2,"minecraft:coal_block":6,"minecraft:smooth_quartz_stairs":4,"minecraft:furnace":2,"minecraft:iron_boots":1,"minecraft:stick":144,"minecraft:brown_terracotta":2,"minecraft:oak_fence":4,"minecraft:torch":11,"minecraft:spruce_stairs":1,"travelersbackpack:diamond_tier_upgrade":2,"minecraft:porkchop":14,"minecraft:diorite":1,"alexsmobs:centipede_leg":2,"minecraft:rotten_flesh":78,"minecraft:bookshelf":24,"minecraft:blaze_rod":20,"minecraft:obsidian":4,"minecraft:snowball":81,"minecraft:cobblestone":157,"minecraft:birch_log":9,"minecraft:magma_cream":3,"minecraft:feather":16,"minecraft:cooked_beef":120,"alexsmobs:bear_fur":5,"minecraft:potato":9,"alexsmobs:bison_fur":31,"minecraft:flint":94,"minecraft:tuff":56,"minecraft:lapis_lazuli":34,"minecraft:mangrove_slab":1,"minecraft:dirt":271,"minecraft:bone":31,"minecraft:bow":2,"minecraft:wheat_seeds":255,"minecraft:grindstone":1,"minecraft:fletching_table":8,"minecraft:bamboo":4,"travelersbackpack:gold":1,"minecraft:oak_planks":4,"minecraft:black_terracotta":3,"travelersbackpack:squid":1,"minecraft:sand":173,"minecraft:grass_block":1,"minecraft:spectral_arrow":266,"minecraft:diamond":7,"minecraft:granite":11,"minecraft:emerald":153,"minecraft:bread":22,"alexsmobs:maggot":7,"minecraft:oak_sapling":43,"minecraft:light_gray_carpet":6,"minecraft:netherrack":378,"minecraft:diamond_pickaxe":3,"minecraft:coarse_dirt":5,"minecraft:crafting_table":3,"minecraft:splash_potion":3,"minecraft:chicken":1,"minecraft:clay_ball":60,"minecraft:brown_mushroom":2,"minecraft:cornflower":2,"minecraft:moss_carpet":1,"alexsmobs:pigshoes":8,"minecraft:iron_axe":1,"minecraft:white_carpet":8,"minecraft:iron_shovel":1,"minecraft:blackstone":178,"minecraft:cracked_stone_bricks":4,"minecraft:beef":93,"minecraft:iron_nugget":309,"minecraft:poppy":10,"minecraft:lectern":9,"minecraft:chest":2,"minecraft:spruce_trapdoor":3,"minecraft:raw_iron":55,"minecraft:stripped_mangrove_wood":1,"minecraft:copper_ingot":1,"minecraft:spruce_fence":6,"ironchest:iron_chest":1,"minecraft:fire_charge":30,"minecraft:polished_blackstone_bricks":8,"minecraft:purple_terracotta":31,"minecraft:dark_oak_planks":4,"minecraft:arrow":22,"minecraft:diamond_chestplate":2,"minecraft:diamond_boots":2,"minecraft:hay_block":8,"minecraft:gold_ingot":1764,"minecraft:mutton":12,"minecraft:bone_block":61,"minecraft:rail":10,"minecraft:white_wool":13,"minecraft:tripwire_hook":1,"minecraft:crimson_stem":30,"minecraft:leather":156,"minecraft:acacia_wood":59,"minecraft:oak_log":73,"minecraft:chainmail_chestplate":1,"minecraft:golden_boots":1,"minecraft:nether_wart_block":68,"minecraft:gunpowder":13,"minecraft:cooked_mutton":36,"minecraft:apple":4,"minecraft:stone_bricks":5,"alexsmobs:cockroach_wing_fragment":2,"minecraft:iron_ingot":88,"minecraft:cooked_chicken":9,"minecraft:glass_bottle":1,"minecraft:acacia_sapling":3,"minecraft:iron_sword":2,"travelersbackpack:blank_upgrade":2,"minecraft:soul_sand":8,"minecraft:dark_oak_stairs":3,"minecraft:book":84,"minecraft:quartz":124,"minecraft:dandelion":2,"minecraft:raw_iron_block":4,"minecraft:gravel":485,"minecraft:spruce_sapling":181,"minecraft:blast_furnace":2,"minecraft:white_bed":1,"minecraft:spruce_log":1201,"minecraft:crying_obsidian":10,"minecraft:spider_eye":4,"minecraft:leather_helmet":3,"travelersbackpack:standard":1,"alexsmobs:raw_catfish":2,"minecraft:stone_axe":2,"minecraft:chainmail_leggings":1,"immersive_armors:wooden_chestplate":1,"minecraft:iron_helmet":1,"minecraft:diamond_axe":2,"minecraft:painting":1,"minecraft:melon_seeds":4,"minecraft:coal":271,"minecraft:sunflower":8,"minecraft:ender_pearl":1},"minecraft:used":{"minecraft:iron_shovel":143,"minecraft:poppy":1,"minecraft:shield":12,"minecraft:iron_sword":831,"minecraft:rotten_flesh":1,"minecraft:iron_chestplate":2,"minecraft:soul_sand":6,"minecraft:mutton":2,"ironchest:iron_chest":5,"minecraft:tuff":1,"minecraft:snowball":23,"enchantinginfuser:advanced_enchanting_infuser":1,"minecraft:iron_helmet":2,"minecraft:bow":209,"minecraft:oak_sapling":14,"minecraft:furnace":3,"minecraft:golden_boots":1,"minecraft:diorite":1,"minecraft:diamond_boots":2,"minecraft:oak_planks":1,"minecraft:stone_pickaxe":171,"minecraft:blackstone":18,"minecraft:wooden_pickaxe":7,"minecraft:diamond_axe":474,"minecraft:golden_apple":1,"minecraft:white_wool":6,"minecraft:dark_oak_trapdoor":1,"minecraft:blast_furnace":1,"minecraft:purple_terracotta":13,"minecraft:redstone_torch":1,"minecraft:bread":63,"minecraft:lectern":10,"ironchest:iron_to_gold_chest_upgrade":1,"minecraft:gravel":17,"minecraft:diamond_sword":214,"minecraft:fire_charge":4,"minecraft:grindstone":1,"minecraft:smithing_table":2,"minecraft:birch_log":2,"minecraft:coarse_dirt":5,"minecraft:stone_sword":49,"minecraft:light_gray_carpet":3,"minecraft:spruce_planks":30,"minecraft:wooden_shovel":37,"minecraft:netherrack":27,"minecraft:torch":192,"minecraft:dirt":96,"minecraft:white_carpet":8,"minecraft:granite":1,"minecraft:wooden_axe":6,"minecraft:bookshelf":28,"minecraft:iron_axe":960,"minecraft:oak_stairs":1,"minecraft:iron_boots":1,"minecraft:diamond_chestplate":1,"ironchest:gold_chest":1,"minecraft:cooked_beef":73,"minecraft:iron_leggings":1,"minecraft:calcite":4,"minecraft:cooked_mutton":2,"minecraft:iron_ore":39,"minecraft:fletching_table":7,"minecraft:polished_blackstone_bricks":2,"minecraft:crafting_table":8,"minecraft:white_bed":1,"minecraft:spruce_log":8,"minecraft:smoker":2,"minecraft:diamond_pickaxe":1942,"minecraft:diamond_shovel":429,"minecraft:sunflower":1,"minecraft:iron_pickaxe":460,"minecraft:spruce_sapling":55,"minecraft:stone_axe":707,"minecraft:potion":2,"minecraft:cobblestone":38,"travelersbackpack:standard":2,"minecraft:cooked_porkchop":11,"alexsmobs:animal_dictionary":1,"minecraft:dandelion":1,"minecraft:diamond_leggings":1,"minecraft:splash_potion":1},"minecraft:broken":{"minecraft:stone_axe":4,"minecraft:iron_axe":2},"minecraft:killed_by":{"alexsmobs:crocodile":1,"minecraft:witch":1,"minecraft:zombie":2,"minecraft:player":1,"minecraft:spider":1,"minecraft:iron_golem":5,"alexsmobs:bison":1,"minecraft:skeleton":2},"minecraft:killed":{"minecraft:spider":12,"minecraft:skeleton":28,"minecraft:chicken":6,"minecraft:silverfish":2,"alexsmobs:centipede_head":1,"minecraft:piglin_brute":1,"minecraft:magma_cube":8,"alexsmobs:grizzly_bear":2,"minecraft:piglin":2,"minecraft:pig":7,"minecraft:iron_golem":7,"minecraft:creeper":8,"alexsmobs:crimson_mosquito":1,"minecraft:sheep":18,"minecraft:zombie":57,"minecraft:ghast":1,"alexsmobs:fly":4,"minecraft:blaze":7,"minecraft:cow":22,"alexsmobs:dropbear":1,"minecraft:horse":2,"alexsmobs:bison":19,"minecraft:drowned":1,"minecraft:husk":23,"minecraft:hoglin":1,"alexsmobs:catfish":1,"alexsmobs:cockroach":1,"alexsmobs:crow":1,"minecraft:wither_skeleton":1,"minecraft:enderman":2},"minecraft:custom":{"minecraft:interact_with_crafting_table":60,"minecraft:open_barrel":30,"minecraft:leave_game":5,"minecraft:time_since_death":11197,"minecraft:sprint_one_cm":1095744,"minecraft:damage_blocked_by_shield":401,"minecraft:drop":511,"minecraft:talked_to_villager":187,"minecraft:play_time":567088,"minecraft:deaths":24,"minecraft:jump":10152,"minecraft:enchant_item":11,"minecraft:walk_on_water_one_cm":96251,"minecraft:interact_with_furnace":34,"minecraft:traded_with_villager":585,"minecraft:interact_with_loom":1,"minecraft:sleep_in_bed":28,"minecraft:damage_dealt":45794,"minecraft:player_kills":6,"minecraft:crouch_one_cm":7595,"minecraft:interact_with_smoker":8,"minecraft:inspect_dispenser":2,"minecraft:interact_with_smithing_table":5,"minecraft:interact_with_anvil":12,"minecraft:mob_kills":266,"minecraft:climb_one_cm":6685,"minecraft:walk_one_cm":1110477,"minecraft:sneak_time":6792,"minecraft:walk_under_water_one_cm":27778,"minecraft:interact_with_blast_furnace":8,"minecraft:total_world_time":567088,"minecraft:interact_with_grindstone":6,"minecraft:time_since_rest":6076,"minecraft:damage_absorbed":31,"minecraft:damage_taken":13454,"minecraft:swim_one_cm":24938,"minecraft:fly_one_cm":1929865,"minecraft:open_chest":157,"minecraft:fall_one_cm":370041}},"DataVersion":3465}