{"stats":{"minecraft:broken":{"minecraft:wooden_axe":2},"minecraft:killed_by":{"minecraft:zombie":1},"minecraft:used":{"minecraft:wooden_axe":104,"minecraft:crafting_table":2,"minecraft:bread":1},"minecraft:custom":{"minecraft:open_chest":1,"minecraft:time_since_rest":4689,"minecraft:sprint_one_cm":9629,"minecraft:play_time":10356,"minecraft:damage_taken":495,"minecraft:deaths":1,"minecraft:walk_one_cm":15067,"minecraft:mob_kills":1,"minecraft:drop":2,"minecraft:jump":143,"minecraft:damage_dealt":305,"minecraft:leave_game":1,"minecraft:time_since_death":4498,"minecraft:walk_on_water_one_cm":2473,"minecraft:climb_one_cm":677,"minecraft:total_world_time":10356,"minecraft:interact_with_crafting_table":3,"minecraft:fall_one_cm":3434,"minecraft:fly_one_cm":14370},"minecraft:crafted":{"minecraft:crafting_table":1,"minecraft:spruce_planks":236,"minecraft:wooden_axe":2},"minecraft:dropped":{"minecraft:spruce_planks":98},"minecraft:mined":{"minecraft:vine":2,"minecraft:spruce_leaves":9,"minecraft:spruce_log":92,"minecraft:crafting_table":2},"minecraft:picked_up":{"minecraft:stick":13,"minecraft:crafting_table":2,"minecraft:spruce_sapling":21,"minecraft:bread":5,"minecraft:spruce_log":78},"minecraft:killed":{"minecraft:zombie":1}},"DataVersion":3465}