{"stats":{"minecraft:broken":{"minecraft:wooden_axe":2,"minecraft:iron_axe":1},"minecraft:killed_by":{"minecraft:zombie":1},"minecraft:used":{"minecraft:wooden_axe":104,"minecraft:iron_axe":181,"minecraft:bread":3,"minecraft:crafting_table":2},"minecraft:custom":{"minecraft:time_since_rest":11460,"minecraft:sprint_one_cm":17132,"minecraft:damage_taken":585,"minecraft:walk_one_cm":20725,"minecraft:mob_kills":1,"minecraft:drop":13,"minecraft:damage_dealt":305,"minecraft:interact_with_crafting_table":5,"minecraft:fly_one_cm":23661,"minecraft:open_chest":1,"minecraft:play_time":17127,"minecraft:deaths":1,"minecraft:walk_under_water_one_cm":193,"minecraft:jump":206,"minecraft:leave_game":3,"minecraft:walk_on_water_one_cm":2975,"minecraft:time_since_death":11269,"minecraft:climb_one_cm":677,"minecraft:total_world_time":17127,"minecraft:fall_one_cm":4746},"minecraft:crafted":{"minecraft:crafting_table":1,"minecraft:spruce_planks":908,"minecraft:stick":16,"minecraft:wooden_pickaxe":1,"minecraft:wooden_axe":2},"minecraft:dropped":{"minecraft:spruce_planks":759},"minecraft:mined":{"minecraft:spruce_log":261,"minecraft:crafting_table":2,"minecraft:grass":1,"minecraft:vine":2,"minecraft:spruce_leaves":9,"minecraft:fern":2},"minecraft:picked_up":{"minecraft:stick":23,"minecraft:crafting_table":2,"minecraft:diamond_sword":1,"minecraft:spruce_sapling":42,"minecraft:spruce_log":227,"minecraft:iron_axe":1,"minecraft:rotten_flesh":2,"minecraft:gold_ingot":1,"minecraft:bread":21},"minecraft:killed":{"minecraft:zombie":1}},"DataVersion":3465}