{"stats":{"minecraft:broken":{"minecraft:wooden_axe":2,"minecraft:chainmail_helmet":1,"minecraft:iron_axe":1,"minecraft:stone_axe":1},"minecraft:killed_by":{"minecraft:player":1,"minecraft:wither_skeleton":1,"minecraft:skeleton":1,"minecraft:zombie":1},"minecraft:used":{"minecraft:wooden_axe":104,"minecraft:iron_axe":181,"minecraft:bread":21,"minecraft:stone_pickaxe":126,"minecraft:wooden_pickaxe":25,"minecraft:stone_axe":187,"minecraft:diamond_sword":275,"minecraft:crafting_table":3},"minecraft:custom":{"minecraft:time_since_rest":15689,"minecraft:sprint_one_cm":68550,"minecraft:damage_taken":2281,"minecraft:walk_one_cm":55191,"minecraft:interact_with_anvil":1,"minecraft:mob_kills":49,"minecraft:drop":166,"minecraft:damage_dealt":16951,"minecraft:swim_one_cm":31199,"minecraft:interact_with_crafting_table":9,"minecraft:fly_one_cm":82575,"minecraft:open_chest":16,"minecraft:play_time":52387,"minecraft:deaths":4,"minecraft:walk_under_water_one_cm":7129,"minecraft:damage_dealt_resisted":5306,"minecraft:jump":575,"minecraft:leave_game":4,"minecraft:walk_on_water_one_cm":12766,"minecraft:time_since_death":15630,"minecraft:climb_one_cm":2125,"minecraft:total_world_time":52387,"minecraft:fall_one_cm":13136},"minecraft:crafted":{"minecraft:crafting_table":1,"minecraft:spruce_planks":1544,"minecraft:stick":16,"minecraft:wooden_pickaxe":1,"minecraft:stone_pickaxe":2,"minecraft:wooden_axe":2,"minecraft:stone_axe":2},"minecraft:dropped":{"minecraft:filled_map":1,"minecraft:iron_ingot":6,"minecraft:lapis_lazuli":9,"minecraft:iron_nugget":15,"minecraft:spruce_planks":759,"minecraft:coast_armor_trim_smithing_template":2,"minecraft:wheat":30,"minecraft:poisonous_potato":4,"minecraft:cobblestone":143,"minecraft:paper":10,"minecraft:carrot":8,"minecraft:emerald":6},"minecraft:mined":{"minecraft:spruce_log":427,"minecraft:mangrove_roots":1,"minecraft:crafting_table":2,"minecraft:grass":5,"minecraft:vine":2,"minecraft:stone":151,"minecraft:spruce_leaves":12,"minecraft:spruce_slab":1,"minecraft:fern":5},"minecraft:picked_up":{"minecraft:stick":41,"minecraft:crafting_table":2,"minecraft:diamond_sword":2,"minecraft:spruce_sapling":71,"minecraft:spruce_log":386,"minecraft:iron_axe":1,"minecraft:bone":1,"minecraft:rotten_flesh":4,"minecraft:mangrove_roots":1,"minecraft:gold_ingot":1,"minecraft:bread":21,"minecraft:spruce_slab":1,"minecraft:cobblestone":149},"minecraft:killed":{"minecraft:skeleton":1,"minecraft:zombie":3,"minecraft:wither_skeleton":45}},"DataVersion":3465}