{"stats":{"minecraft:broken":{"minecraft:stone_pickaxe":2,"minecraft:stone_axe":1,"minecraft:wooden_axe":2},"minecraft:killed_by":{"minecraft:player":4,"minecraft:cave_spider":2,"minecraft:wither_skeleton":14,"minecraft:skeleton":4,"minecraft:creeper":2,"minecraft:spider":1},"minecraft:used":{"minecraft:dark_oak_stairs":1,"minecraft:jack_o_lantern":1,"minecraft:stone_pickaxe":317,"minecraft:spruce_planks":3,"minecraft:wooden_pickaxe":18,"minecraft:fletching_table":3,"minecraft:torch":65,"minecraft:crafting_table":2,"minecraft:stripped_spruce_log":3,"minecraft:wooden_axe":160,"minecraft:bread":4,"minecraft:cyan_carpet":1,"minecraft:iron_pickaxe":27,"minecraft:dark_oak_wood":2,"minecraft:smooth_quartz":3,"minecraft:gravel":1,"minecraft:stone_axe":95,"minecraft:diamond_sword":700,"minecraft:golden_carrot":12,"minecraft:cobblestone":76,"minecraft:sweet_berries":5,"minecraft:purple_bed":1,"minecraft:coarse_dirt":1},"minecraft:custom":{"minecraft:interact_with_smithing_table":1,"minecraft:interact_with_anvil":1,"minecraft:mob_kills":111,"minecraft:inspect_hopper":2,"minecraft:interact_with_crafting_table":13,"minecraft:tune_noteblock":4,"minecraft:damage_dealt_resisted":9997,"minecraft:leave_game":4,"minecraft:time_since_death":1915,"minecraft:sleep_in_bed":1,"minecraft:climb_one_cm":2891,"minecraft:time_since_rest":1959,"minecraft:sprint_one_cm":181472,"minecraft:damage_taken":8912,"minecraft:walk_one_cm":353813,"minecraft:drop":44,"minecraft:damage_dealt":41821,"minecraft:play_noteblock":1,"minecraft:player_kills":2,"minecraft:swim_one_cm":18061,"minecraft:fly_one_cm":216447,"minecraft:talked_to_villager":4,"minecraft:open_chest":73,"minecraft:crouch_one_cm":782,"minecraft:play_time":162603,"minecraft:deaths":32,"minecraft:sneak_time":182,"minecraft:walk_under_water_one_cm":2567,"minecraft:jump":1394,"minecraft:walk_on_water_one_cm":18065,"minecraft:total_world_time":162603,"minecraft:fall_one_cm":29839},"minecraft:crafted":{"minecraft:crafting_table":2,"minecraft:spruce_planks":428,"minecraft:wooden_pickaxe":1,"minecraft:fletching_table":3,"minecraft:stone_axe":1,"minecraft:iron_ingot":27,"minecraft:stick":20,"minecraft:stone_pickaxe":3,"minecraft:wooden_axe":2,"minecraft:iron_block":3,"minecraft:torch":56},"minecraft:dropped":{"minecraft:iron_ingot":4,"minecraft:bread":17,"minecraft:stone_axe":1,"minecraft:dark_oak_stairs":1,"minecraft:cobbled_deepslate":22,"minecraft:raw_copper":5,"minecraft:cobblestone":12,"minecraft:rotten_flesh":2,"minecraft:wither_skeleton_skull":2,"minecraft:stick":2,"minecraft:diamond_sword":2,"minecraft:poppy":1,"minecraft:dirt":3,"minecraft:golden_carrot":4,"minecraft:torch":8,"minecraft:spruce_planks":175,"minecraft:dark_oak_wood":3,"minecraft:smooth_quartz":16,"minecraft:spruce_wood":11,"minecraft:spider_eye":2,"minecraft:chainmail_leggings":1,"minecraft:string":18,"minecraft:dark_prismarine":2,"minecraft:spruce_sapling":5,"minecraft:gold_ingot":25},"minecraft:mined":{"minecraft:podzol":1,"minecraft:dark_prismarine":2,"minecraft:spruce_planks":9,"minecraft:jack_o_lantern":1,"minecraft:cornflower":1,"minecraft:torch":7,"minecraft:dark_oak_wood":5,"minecraft:spruce_fence":4,"minecraft:rose_bush":1,"minecraft:copper_ore":1,"minecraft:cobblestone":23,"minecraft:spruce_leaves":2,"minecraft:wall_torch":3,"minecraft:spawner":5,"minecraft:large_fern":1,"minecraft:purple_bed":2,"minecraft:coarse_dirt":1,"minecraft:sweet_berry_bush":2,"minecraft:iron_ore":7,"minecraft:spruce_log":179,"minecraft:stripped_spruce_log":13,"minecraft:dark_oak_stairs":2,"minecraft:grass":1,"minecraft:bookshelf":10,"minecraft:coal_ore":12,"minecraft:cyan_carpet":1,"minecraft:gravel":20,"minecraft:dirt":2,"minecraft:smooth_quartz":37,"minecraft:spruce_wood":8,"minecraft:stone":228,"minecraft:oak_leaves":1,"minecraft:deepslate":25},"minecraft:picked_up":{"minecraft:wooden_axe":1,"minecraft:coarse_dirt":1,"minecraft:diamond_sword":4,"minecraft:cornflower":1,"minecraft:dirt":3,"minecraft:string":40,"minecraft:raw_copper":5,"minecraft:bone":33,"minecraft:cyan_carpet":2,"minecraft:wheat_seeds":3,"minecraft:cobbled_deepslate":25,"minecraft:spruce_planks":109,"minecraft:spruce_wood":11,"minecraft:iron_ingot":4,"minecraft:stone_pickaxe":1,"minecraft:smooth_quartz":35,"minecraft:poppy":1,"minecraft:iron_pickaxe":1,"minecraft:dark_oak_stairs":2,"minecraft:book":21,"minecraft:raw_iron":7,"minecraft:stick":25,"minecraft:sweet_berries":5,"minecraft:torch":23,"minecraft:gravel":21,"minecraft:spruce_fence":2,"minecraft:stripped_spruce_log":13,"minecraft:spruce_sapling":35,"minecraft:spruce_log":140,"minecraft:dark_prismarine":2,"minecraft:spider_eye":6,"minecraft:dark_oak_planks":2,"minecraft:arrow":12,"minecraft:purple_bed":2,"minecraft:rotten_flesh":3,"minecraft:stone_axe":1,"minecraft:chainmail_leggings":1,"minecraft:bread":1,"minecraft:gold_ingot":25,"minecraft:jack_o_lantern":1,"minecraft:dark_oak_wood":6,"minecraft:coal":19,"minecraft:cobblestone":259},"minecraft:killed":{"minecraft:cave_spider":9,"minecraft:spider":16,"minecraft:iron_golem":1,"minecraft:skeleton":2,"minecraft:zombie":3,"alexsmobs:terrapin":1,"minecraft:wither_skeleton":78}},"DataVersion":3465}