{"stats":{"minecraft:used":{"minecraft:oak_trapdoor":1,"minecraft:spruce_slab":1,"minecraft:light_gray_carpet":3,"minecraft:spruce_planks":165,"minecraft:shield":68,"travelersbackpack:diamond":1,"minecraft:cooked_chicken":1,"minecraft:iron_chestplate":1,"minecraft:dirt":1,"minecraft:anvil":1,"minecraft:white_carpet":4,"minecraft:chainmail_chestplate":1,"minecraft:carrot":10,"minecraft:spruce_boat":2,"minecraft:wooden_axe":65,"minecraft:brown_terracotta":2,"minecraft:lava_bucket":1,"minecraft:iron_axe":224,"minecraft:diamond_chestplate":1,"immersive_armors:wooden_chestplate":1,"minecraft:sweet_berries":19,"minecraft:cooked_beef":6,"minecraft:diamond_boots":1,"minecraft:stone_pickaxe":74,"minecraft:wooden_pickaxe":3,"minecraft:fletching_table":3,"minecraft:crafting_table":5,"minecraft:blast_furnace":1,"minecraft:spruce_log":3,"minecraft:black_terracotta":3,"minecraft:wooden_hoe":13,"minecraft:sunflower":1,"minecraft:bread":12,"travelersbackpack:netherite":2,"minecraft:iron_pickaxe":29,"minecraft:spruce_sapling":17,"minecraft:stone_axe":95,"minecraft:diamond_sword":100,"minecraft:cobblestone":36,"minecraft:cooked_porkchop":2,"minecraft:smithing_table":1,"minecraft:bucket":3,"alexsmobs:animal_dictionary":1},"minecraft:killed":{"minecraft:spider":1,"minecraft:skeleton":3,"minecraft:zombie":1,"alexsmobs:fly":1},"minecraft:broken":{"minecraft:stone_axe":1},"minecraft:killed_by":{"minecraft:player":1,"minecraft:skeleton":4,"minecraft:zombie":5},"minecraft:dropped":{"minecraft:iron_ingot":2,"minecraft:bread":3,"minecraft:purple_terracotta":5,"minecraft:iron_sword":1,"minecraft:wheat_seeds":2,"minecraft:cooked_beef":23,"minecraft:book":1,"minecraft:emerald":3,"minecraft:dirt":6,"minecraft:wooden_hoe":1,"minecraft:torch":1,"immersive_armors:wooden_leggings":1,"minecraft:wooden_axe":1,"minecraft:iron_leggings":3,"minecraft:sunflower":1,"minecraft:iron_axe":2,"immersive_armors:wooden_chestplate":1,"minecraft:spruce_sapling":17,"minecraft:stone_axe":1,"minecraft:iron_nugget":12,"minecraft:wheat":1,"minecraft:chainmail_chestplate":1,"minecraft:spruce_planks":1,"minecraft:iron_chestplate":3,"minecraft:arrow":10,"minecraft:stone_pickaxe":1,"immersive_armors:wooden_helmet":1},"minecraft:picked_up":{"minecraft:iron_chestplate":2,"minecraft:crafting_table":1,"minecraft:oak_trapdoor":1,"minecraft:iron_axe":1,"minecraft:iron_leggings":1,"minecraft:white_carpet":4,"minecraft:spruce_planks":25,"minecraft:iron_nugget":8,"minecraft:spruce_slab":1,"minecraft:lectern":1,"minecraft:stick":61,"minecraft:raw_iron":27,"minecraft:brown_terracotta":2,"minecraft:oak_fence":2,"minecraft:torch":1,"minecraft:purple_terracotta":5,"minecraft:dark_oak_planks":2,"minecraft:arrow":8,"minecraft:hay_block":14,"minecraft:cobblestone":67,"minecraft:cooked_beef":12,"minecraft:smoker":1,"minecraft:flint":2,"minecraft:dirt":7,"minecraft:wheat_seeds":4,"minecraft:cooked_chicken":1,"minecraft:iron_ingot":2,"minecraft:stone_pickaxe":1,"minecraft:fletching_table":2,"minecraft:iron_sword":1,"minecraft:book":19,"minecraft:black_terracotta":3,"minecraft:cooked_porkchop":3,"minecraft:sweet_berries":13,"minecraft:gravel":4,"minecraft:spruce_sapling":70,"minecraft:blast_furnace":1,"minecraft:spruce_log":330,"minecraft:spruce_boat":1,"immersive_armors:wooden_chestplate":1,"minecraft:emerald":25,"minecraft:light_gray_carpet":3,"minecraft:coal":34,"minecraft:sunflower":2},"minecraft:crafted":{"minecraft:stone_shovel":1,"travelersbackpack:diamond":1,"immersive_armors:wooden_chestplate":1,"minecraft:iron_axe":2,"minecraft:stone_pickaxe":1,"minecraft:spruce_boat":1,"immersive_armors:wooden_helmet":1,"minecraft:wheat":9,"minecraft:cooked_beef":22,"minecraft:diamond_sword":1,"minecraft:emerald":16,"minecraft:crafting_table":2,"minecraft:spruce_planks":776,"minecraft:wooden_pickaxe":1,"minecraft:iron_sword":1,"immersive_armors:wooden_leggings":1,"minecraft:fletching_table":1,"minecraft:bucket":2,"minecraft:stone_axe":2,"travelersbackpack:netherite":1,"minecraft:air":0,"minecraft:bread":8,"minecraft:wooden_hoe":1,"minecraft:shield":1,"minecraft:stick":464,"minecraft:iron_ingot":47,"minecraft:wooden_axe":1,"minecraft:iron_block":3,"minecraft:iron_leggings":3,"minecraft:anvil":1},"minecraft:mined":{"minecraft:dark_oak_planks":1,"minecraft:spruce_planks":4,"minecraft:black_terracotta":3,"minecraft:ladder":1,"minecraft:purple_terracotta":5,"minecraft:grass_block":1,"minecraft:spruce_leaves":4,"minecraft:red_mushroom":1,"minecraft:spawner":1,"minecraft:hay_block":11,"minecraft:oak_trapdoor":1,"minecraft:spruce_sapling":1,"minecraft:iron_ore":27,"minecraft:fire":2,"minecraft:fletching_table":1,"minecraft:bookshelf":6,"minecraft:dirt_path":1,"minecraft:packed_ice":30,"minecraft:stone":56,"minecraft:spruce_slab":1,"minecraft:light_gray_carpet":3,"minecraft:smoker":1,"minecraft:oak_fence":1,"minecraft:crafting_table":1,"minecraft:blast_furnace":1,"minecraft:oak_wood":2,"minecraft:lectern":1,"minecraft:tall_grass":4,"minecraft:seagrass":1,"minecraft:white_carpet":3,"minecraft:spruce_log":316,"minecraft:grass":7,"minecraft:sunflower":1,"minecraft:gravel":6,"minecraft:dirt":2,"minecraft:brown_terracotta":1,"minecraft:oak_leaves":3},"minecraft:custom":{"minecraft:interact_with_smithing_table":1,"minecraft:mob_kills":6,"minecraft:interact_with_anvil":5,"minecraft:interact_with_crafting_table":21,"minecraft:open_barrel":3,"minecraft:leave_game":8,"minecraft:time_since_death":11862,"minecraft:climb_one_cm":1568,"minecraft:sprint_one_cm":305781,"minecraft:walk_one_cm":316572,"minecraft:damage_blocked_by_shield":2317,"minecraft:drop":71,"minecraft:talked_to_villager":34,"minecraft:play_time":146267,"minecraft:deaths":13,"minecraft:sneak_time":1061,"minecraft:walk_under_water_one_cm":6332,"minecraft:boat_one_cm":158760,"minecraft:jump":1913,"minecraft:interact_with_blast_furnace":9,"minecraft:walk_on_water_one_cm":12282,"minecraft:total_world_time":146267,"minecraft:interact_with_furnace":5,"minecraft:traded_with_villager":22,"minecraft:sleep_in_bed":7,"minecraft:time_since_rest":8520,"minecraft:damage_taken":4819,"minecraft:damage_dealt":2611,"minecraft:swim_one_cm":51590,"minecraft:fly_one_cm":344934,"minecraft:player_kills":1,"minecraft:open_chest":32,"minecraft:crouch_one_cm":3465,"minecraft:interact_with_smoker":3,"minecraft:fall_one_cm":60346}},"DataVersion":3465}