{"stats":{"minecraft:custom":{"minecraft:interact_with_crafting_table":74,"minecraft:open_barrel":7,"goblintraders:trade_with_goblin":3,"minecraft:eat_cake_slice":4,"minecraft:leave_game":18,"minecraft:time_since_death":68438,"minecraft:sprint_one_cm":970563,"minecraft:damage_blocked_by_shield":2592,"minecraft:drop":395,"minecraft:talked_to_villager":169,"minecraft:play_time":712496,"minecraft:deaths":45,"minecraft:jump":7261,"minecraft:walk_on_water_one_cm":68180,"minecraft:enchant_item":27,"minecraft:interact_with_furnace":17,"minecraft:traded_with_villager":362,"minecraft:sleep_in_bed":18,"minecraft:damage_dealt":18036,"minecraft:player_kills":1,"minecraft:crouch_one_cm":34411,"minecraft:interact_with_smoker":6,"minecraft:interact_with_smithing_table":22,"minecraft:interact_with_anvil":13,"minecraft:mob_kills":129,"minecraft:climb_one_cm":13507,"minecraft:walk_one_cm":1797732,"minecraft:sneak_time":8968,"minecraft:walk_under_water_one_cm":42375,"minecraft:boat_one_cm":158760,"minecraft:interact_with_blast_furnace":15,"minecraft:total_world_time":712496,"minecraft:time_since_rest":68470,"minecraft:damage_taken":17306,"minecraft:swim_one_cm":109325,"minecraft:fly_one_cm":1368664,"minecraft:open_chest":172,"minecraft:fall_one_cm":249343},"minecraft:killed_by":{"minecraft:zombie":6,"minecraft:husk":4,"minecraft:player":10,"minecraft:skeleton":4},"minecraft:killed":{"minecraft:zombified_piglin":9,"minecraft:spider":6,"minecraft:wither":1,"minecraft:skeleton":13,"minecraft:silverfish":2,"minecraft:zombie_villager":2,"minecraft:iron_golem":1,"minecraft:creeper":3,"alexsmobs:crimson_mosquito":1,"minecraft:zombie":38,"alexsmobs:fly":1,"minecraft:blaze":5,"minecraft:cow":1,"minecraft:horse":1,"alexsmobs:bison":7,"minecraft:drowned":1,"minecraft:husk":13,"minecraft:hoglin":1,"alexsmobs:crocodile":1,"minecraft:wither_skeleton":2,"minecraft:enderman":1},"minecraft:picked_up":{"minecraft:iron_chestplate":2,"minecraft:wheat":19,"minecraft:diamond_sword":1,"minecraft:potion":7,"minecraft:enchanted_book":2,"minecraft:nether_brick":116,"minecraft:stone_brick_stairs":1,"minecraft:crimson_planks":12,"minecraft:string":96,"minecraft:soul_soil":3,"minecraft:raw_copper":106,"minecraft:smooth_stone_slab":1,"minecraft:iron_leggings":4,"minecraft:netherite_ingot":24,"minecraft:beetroot":1,"minecraft:cobbled_deepslate":104,"minecraft:gold_nugget":172,"minecraft:spruce_planks":29,"minecraft:calcite":6,"minecraft:ender_eye":5,"minecraft:netherite_upgrade_smithing_template":57,"minecraft:iron_pickaxe":2,"minecraft:coal_block":2,"minecraft:iron_boots":1,"minecraft:stick":436,"ironchest:obsidian_chest":45,"minecraft:brown_terracotta":2,"minecraft:oak_fence":2,"minecraft:torch":6,"minecraft:golden_axe":1,"minecraft:rotten_flesh":71,"minecraft:light_gray_bed":1,"minecraft:blaze_rod":12,"minecraft:obsidian":42,"minecraft:cobblestone":847,"minecraft:magma_block":8,"minecraft:feather":15,"minecraft:cooked_beef":45,"minecraft:iron_door":5,"minecraft:smoker":1,"minecraft:potato":10,"alexsmobs:bison_fur":23,"minecraft:flint":30,"minecraft:tuff":10,"minecraft:netherite_leggings":1,"minecraft:lapis_lazuli":46,"minecraft:dirt":2727,"minecraft:leather_boots":1,"minecraft:bone":11,"minecraft:bow":1,"minecraft:wheat_seeds":226,"minecraft:dark_oak_sign":9,"minecraft:mossy_stone_bricks":7,"minecraft:fletching_table":3,"travelersbackpack:gold":2,"minecraft:black_terracotta":3,"minecraft:cooked_porkchop":8,"alexsmobs:crocodile_egg":2,"minecraft:sand":113,"minecraft:grass_block":1,"minecraft:cyan_bed":8,"minecraft:spectral_arrow":311,"minecraft:diamond":172,"minecraft:spruce_boat":1,"minecraft:bone_meal":437,"minecraft:emerald":150,"minecraft:bread":29,"minecraft:oak_sapling":136,"minecraft:light_gray_carpet":3,"minecraft:netherrack":1140,"minecraft:diamond_pickaxe":3,"minecraft:charcoal":27,"minecraft:crafting_table":1,"minecraft:azure_bluet":1,"minecraft:splash_potion":2,"minecraft:clay_ball":28,"minecraft:cornflower":1,"minecraft:oak_trapdoor":1,"alexsmobs:pigshoes":12,"minecraft:iron_axe":1,"minecraft:item_frame":1,"minecraft:white_carpet":4,"minecraft:iron_shovel":1,"minecraft:blackstone":184,"minecraft:cracked_stone_bricks":4,"minecraft:beef":45,"minecraft:iron_nugget":102,"minecraft:spruce_slab":1,"minecraft:lectern":1,"minecraft:raw_iron":44,"minecraft:end_stone":32,"minecraft:stripped_mangrove_wood":1,"minecraft:oak_door":1,"minecraft:fire_charge":7,"minecraft:carrot":518,"alexsmobs:crocodile_scute":3,"minecraft:purple_terracotta":5,"minecraft:dark_oak_planks":2,"minecraft:arrow":26,"minecraft:beetroot_seeds":2,"minecraft:nether_bricks":41,"minecraft:diamond_boots":1,"minecraft:hay_block":16,"minecraft:totem_of_undying":1,"minecraft:gold_ingot":1429,"minecraft:white_wool":6,"minecraft:oxeye_daisy":3,"minecraft:crimson_stem":32,"minecraft:leather":493,"minecraft:oak_log":346,"minecraft:ancient_debris":9,"minecraft:golden_boots":1,"minecraft:nether_wart_block":6,"minecraft:gunpowder":23,"minecraft:wooden_hoe":1,"minecraft:cooked_mutton":36,"minecraft:apple":12,"minecraft:stone_bricks":9,"minecraft:iron_ingot":500,"minecraft:stone_pickaxe":1,"minecraft:cooked_chicken":11,"minecraft:iron_sword":1,"minecraft:soul_sand":64,"minecraft:book":642,"minecraft:smooth_basalt":4,"minecraft:sweet_berries":13,"minecraft:quartz":230,"minecraft:dandelion":28,"minecraft:gravel":277,"minecraft:lava_bucket":1,"minecraft:spruce_sapling":87,"minecraft:blast_furnace":6,"minecraft:white_bed":2,"minecraft:spruce_log":607,"minecraft:crying_obsidian":21,"minecraft:spider_eye":1,"minecraft:dragon_egg":1,"travelersbackpack:standard":1,"immersive_armors:wooden_chestplate":1,"minecraft:coal":61,"minecraft:sunflower":60,"minecraft:ender_pearl":26},"minecraft:broken":{"minecraft:iron_leggings":1,"minecraft:stone_axe":1,"minecraft:shield":1},"minecraft:used":{"minecraft:beetroot":1,"minecraft:spruce_slab":1,"minecraft:diamond_hoe":29,"minecraft:shield":85,"travelersbackpack:diamond":1,"minecraft:iron_chestplate":1,"minecraft:nether_bricks":41,"minecraft:carrot":68,"minecraft:obsidian":10,"enchantinginfuser:advanced_enchanting_infuser":1,"minecraft:spruce_boat":2,"minecraft:lava_bucket":3,"minecraft:netherite_shovel":2271,"minecraft:netherite_boots":1,"immersive_armors:wooden_chestplate":1,"minecraft:bow":129,"minecraft:sweet_berries":19,"minecraft:oak_sapling":103,"minecraft:golden_boots":1,"minecraft:diamond_boots":2,"minecraft:stone_pickaxe":74,"minecraft:ender_pearl":10,"minecraft:wooden_pickaxe":3,"minecraft:diamond_axe":1017,"minecraft:netherite_leggings":2,"minecraft:blast_furnace":1,"minecraft:black_terracotta":3,"travelersbackpack:netherite":2,"minecraft:bread":64,"minecraft:cyan_bed":8,"minecraft:nether_wart_block":6,"minecraft:diamond_sword":383,"minecraft:smithing_table":1,"minecraft:bone_meal":3,"minecraft:oak_trapdoor":1,"minecraft:netherite_sword":103,"minecraft:flint_and_steel":3,"minecraft:light_gray_carpet":3,"minecraft:spruce_planks":165,"minecraft:cooked_chicken":10,"minecraft:netherrack":159,"minecraft:oak_door":1,"minecraft:torch":1,"minecraft:dirt":1955,"minecraft:anvil":1,"minecraft:white_carpet":4,"minecraft:chainmail_chestplate":1,"minecraft:diamond_helmet":1,"minecraft:brown_terracotta":2,"minecraft:wooden_axe":65,"travelersbackpack:gold":10,"minecraft:iron_axe":224,"minecraft:crimson_planks":68,"minecraft:diamond_chestplate":1,"minecraft:beef":8,"minecraft:netherite_pickaxe":2148,"minecraft:cooked_beef":17,"minecraft:cobbled_deepslate":2,"minecraft:light_gray_bed":1,"minecraft:wheat_seeds":6,"minecraft:cooked_mutton":14,"minecraft:water_bucket":56,"minecraft:fletching_table":5,"minecraft:crafting_table":6,"minecraft:white_bed":2,"minecraft:spruce_log":10,"minecraft:cake":1,"minecraft:oak_log":2,"minecraft:wooden_hoe":65,"minecraft:ender_eye":19,"minecraft:diamond_pickaxe":2500,"minecraft:diamond_shovel":1425,"minecraft:sunflower":6,"minecraft:iron_pickaxe":259,"minecraft:netherite_axe":21,"minecraft:spruce_sapling":20,"minecraft:stone_axe":95,"minecraft:cobblestone":53,"minecraft:potion":1,"travelersbackpack:standard":3,"minecraft:cooked_porkchop":7,"minecraft:bucket":61,"alexsmobs:animal_dictionary":7},"minecraft:crafted":{"minecraft:oak_planks":1064,"travelersbackpack:crafting_upgrade":1,"minecraft:blaze_powder":24,"minecraft:diamond_shovel":2,"travelersbackpack:diamond":1,"minecraft:bookshelf":24,"minecraft:cooked_mutton":8,"immersive_armors:wooden_chestplate":1,"minecraft:glass":97,"minecraft:diamond_helmet":1,"minecraft:bow":1,"minecraft:diamond_leggings":2,"minecraft:tipped_arrow":60,"minecraft:chest":9,"immersive_armors:wooden_helmet":1,"minecraft:netherite_upgrade_smithing_template":34,"minecraft:ender_eye":17,"minecraft:golden_boots":2,"minecraft:arrow":192,"minecraft:emerald":317,"minecraft:diamond_axe":1,"minecraft:crafting_table":4,"minecraft:spruce_planks":2336,"minecraft:wooden_pickaxe":1,"travelersbackpack:standard":2,"immersive_armors:wooden_leggings":1,"minecraft:fletching_table":4,"minecraft:wooden_hoe":2,"minecraft:diamond_pickaxe":2,"minecraft:charcoal":27,"minecraft:shield":2,"minecraft:stick":6248,"minecraft:iron_ingot":673,"minecraft:iron_block":141,"minecraft:gold_ingot":20,"minecraft:netherite_ingot":2,"minecraft:stone_shovel":1,"minecraft:diamond_hoe":1,"travelersbackpack:blank_upgrade":8,"travelersbackpack:gold_tier_upgrade":1,"minecraft:diamond_block":69,"minecraft:flint_and_steel":2,"minecraft:diamond":36,"travelersbackpack:white_sleeping_bag":2,"minecraft:iron_axe":3,"travelersbackpack:gold":4,"minecraft:stone_pickaxe":1,"minecraft:diamond_boots":1,"minecraft:spruce_boat":1,"minecraft:netherite_scrap":10,"travelersbackpack:diamond_tier_upgrade":4,"minecraft:wheat":27,"minecraft:cooked_beef":22,"minecraft:crimson_planks":128,"minecraft:diamond_sword":3,"travelersbackpack:backpack_tank":9,"minecraft:iron_sword":1,"minecraft:bucket":2,"minecraft:stone_axe":2,"travelersbackpack:netherite":1,"minecraft:enchanted_book":1,"minecraft:bread":8,"minecraft:air":0,"minecraft:wooden_axe":1,"minecraft:iron_shovel":1,"minecraft:iron_leggings":6,"minecraft:anvil":1,"minecraft:diamond_chestplate":1},"minecraft:mined":{"minecraft:dark_oak_planks":1,"minecraft:spruce_planks":4,"minecraft:white_bed":2,"minecraft:oak_sapling":2,"minecraft:black_terracotta":3,"minecraft:obsidian":22,"minecraft:grass_block":1414,"minecraft:cracked_polished_blackstone_bricks":10,"minecraft:light_gray_bed":1,"minecraft:coal_block":2,"minecraft:oxeye_daisy":2,"minecraft:spawner":4,"minecraft:polished_blackstone_bricks":32,"minecraft:magma_block":70,"minecraft:iron_ore":36,"minecraft:fire":3,"minecraft:fletching_table":2,"minecraft:azure_bluet":1,"minecraft:dirt_path":2,"minecraft:spruce_slab":1,"minecraft:blackstone":36,"minecraft:smoker":1,"minecraft:crimson_nylium":6,"minecraft:clay":8,"minecraft:torch":2,"minecraft:blast_furnace":5,"minecraft:calcite":3,"minecraft:nether_quartz_ore":9,"minecraft:cobblestone":4,"minecraft:cyan_bed":8,"minecraft:grindstone":1,"minecraft:oak_planks":1,"minecraft:iron_door":6,"minecraft:wall_torch":3,"minecraft:seagrass":1,"minecraft:warped_nylium":1,"minecraft:nether_wart_block":157,"minecraft:wheat":19,"minecraft:smooth_stone_slab":1,"minecraft:grass":325,"minecraft:infested_mossy_stone_bricks":1,"minecraft:oak_log":416,"minecraft:beetroots":1,"minecraft:sand":70,"minecraft:dirt":2282,"minecraft:infested_cracked_stone_bricks":1,"minecraft:crimson_planks":6,"minecraft:smooth_basalt":6,"minecraft:netherrack":2063,"minecraft:ancient_debris":9,"minecraft:oak_leaves":13,"minecraft:deepslate":101,"minecraft:nether_gold_ore":18,"minecraft:tuff":10,"minecraft:deepslate_diamond_ore":10,"minecraft:end_stone":38,"minecraft:nether_bricks":42,"minecraft:ladder":1,"minecraft:purple_terracotta":5,"minecraft:crimson_roots":2,"minecraft:soul_campfire":1,"minecraft:spruce_leaves":4,"minecraft:red_mushroom":1,"minecraft:crimson_stem":31,"minecraft:large_fern":1,"minecraft:hay_block":13,"minecraft:oak_trapdoor":1,"minecraft:spruce_sapling":1,"minecraft:packed_mud":21,"minecraft:carrots":25,"minecraft:bookshelf":51,"minecraft:potatoes":2,"minecraft:shroomlight":2,"minecraft:packed_ice":30,"minecraft:stone":2232,"minecraft:white_wool":6,"minecraft:redstone_wall_torch":1,"minecraft:podzol":1,"minecraft:mud_brick_slab":14,"minecraft:light_gray_carpet":3,"minecraft:infested_stone_bricks":6,"minecraft:dandelion":13,"travelersbackpack:standard":1,"minecraft:oak_fence":1,"minecraft:crafting_table":1,"minecraft:cornflower":1,"minecraft:emerald_ore":2,"minecraft:oak_wood":2,"minecraft:lectern":1,"minecraft:copper_ore":21,"minecraft:tall_grass":50,"minecraft:coarse_dirt":5,"minecraft:white_carpet":3,"minecraft:spruce_log":630,"minecraft:coal_ore":64,"minecraft:sunflower":44,"minecraft:gravel":19,"minecraft:brown_terracotta":1,"minecraft:cobweb":13,"minecraft:cracked_stone_bricks":6,"minecraft:stone_bricks":20,"minecraft:mossy_stone_bricks":12,"minecraft:infested_stone":1},"minecraft:dropped":{"minecraft:iron_sword":1,"minecraft:lapis_lazuli":46,"minecraft:cooked_beef":29,"minecraft:oak_log":14,"minecraft:glass_bottle":1,"minecraft:leather":215,"minecraft:fletching_table":2,"minecraft:cracked_stone_bricks":3,"travelersbackpack:standard":1,"alexsmobs:bison_fur":18,"minecraft:flint":10,"minecraft:item_frame":1,"minecraft:emerald":93,"minecraft:dirt":192,"minecraft:cornflower":1,"immersive_armors:wooden_leggings":1,"minecraft:gold_nugget":4,"minecraft:sunflower":5,"minecraft:iron_pickaxe":3,"immersive_armors:wooden_chestplate":1,"travelersbackpack:backpack_tank":1,"minecraft:gold_ingot":2327,"minecraft:bone":7,"minecraft:gravel":126,"minecraft:stone_axe":1,"minecraft:blackstone":138,"minecraft:cooked_chicken":1,"minecraft:iron_nugget":140,"minecraft:cobbled_deepslate":38,"alexsmobs:animal_dictionary":1,"minecraft:nether_brick":260,"minecraft:wheat":1,"minecraft:rotten_flesh":13,"minecraft:carrot":936,"minecraft:chainmail_chestplate":1,"travelersbackpack:gold":2,"minecraft:gunpowder":6,"minecraft:charcoal":27,"minecraft:arrow":157,"minecraft:stone_brick_stairs":1,"minecraft:quartz":177,"minecraft:splash_potion":1,"minecraft:netherrack":787,"minecraft:crimson_planks":12,"minecraft:iron_ingot":277,"minecraft:enchanted_book":1,"minecraft:golden_boots":2,"minecraft:bread":3,"minecraft:purple_terracotta":5,"minecraft:wheat_seeds":175,"minecraft:bookshelf":24,"minecraft:diamond_leggings":1,"minecraft:iron_helmet":1,"minecraft:feather":15,"minecraft:cobblestone":185,"minecraft:book":196,"minecraft:spectral_arrow":258,"minecraft:stick":21,"minecraft:wooden_hoe":3,"minecraft:torch":2,"minecraft:wooden_axe":1,"travelersbackpack:blank_upgrade":2,"minecraft:fire_charge":7,"minecraft:potion":6,"minecraft:iron_leggings":6,"minecraft:iron_axe":2,"minecraft:iron_shovel":1,"minecraft:string":160,"minecraft:bucket":1,"minecraft:spruce_sapling":17,"minecraft:dandelion":12,"minecraft:smooth_basalt":4,"minecraft:soul_soil":2,"minecraft:raw_copper":106,"alexsmobs:pigshoes":12,"minecraft:raw_iron":7,"minecraft:clay_ball":28,"minecraft:ender_eye":3,"minecraft:totem_of_undying":1,"travelersbackpack:diamond_tier_upgrade":3,"minecraft:diamond_sword":4,"minecraft:potato":9,"minecraft:diamond_chestplate":1,"minecraft:spruce_planks":1,"minecraft:diamond_pickaxe":1,"minecraft:iron_chestplate":3,"minecraft:diamond_boots":1,"minecraft:stone_pickaxe":1,"minecraft:calcite":6,"minecraft:magma_block":4,"immersive_armors:wooden_helmet":1}},"DataVersion":3465}