{"stats":{"minecraft:used":{"minecraft:oak_trapdoor":1,"minecraft:spruce_slab":1,"minecraft:stone_pickaxe":74,"minecraft:light_gray_carpet":3,"minecraft:spruce_planks":163,"minecraft:wooden_pickaxe":3,"minecraft:shield":49,"travelersbackpack:diamond":1,"minecraft:cooked_chicken":1,"minecraft:iron_chestplate":1,"minecraft:dirt":1,"minecraft:white_carpet":4,"minecraft:crafting_table":5,"minecraft:blast_furnace":1,"minecraft:chainmail_chestplate":1,"minecraft:carrot":10,"minecraft:spruce_log":3,"minecraft:wooden_axe":65,"minecraft:wooden_hoe":13,"minecraft:sunflower":1,"travelersbackpack:netherite":2,"minecraft:bread":12,"minecraft:stone_axe":95,"minecraft:diamond_sword":75,"immersive_armors:wooden_chestplate":1,"minecraft:cobblestone":17,"minecraft:sweet_berries":19,"minecraft:smithing_table":1,"minecraft:cooked_porkchop":2,"alexsmobs:animal_dictionary":1},"minecraft:killed":{"minecraft:spider":1,"minecraft:skeleton":3,"minecraft:zombie":1,"alexsmobs:fly":1},"minecraft:broken":{"minecraft:stone_axe":1},"minecraft:killed_by":{"minecraft:skeleton":4,"minecraft:zombie":5},"minecraft:dropped":{"minecraft:iron_ingot":2,"minecraft:bread":3,"minecraft:stone_axe":1,"minecraft:wheat_seeds":1,"minecraft:book":1,"minecraft:emerald":3,"minecraft:spruce_planks":1,"minecraft:iron_chestplate":1,"immersive_armors:wooden_leggings":1,"minecraft:wooden_axe":1,"minecraft:iron_leggings":1,"minecraft:sunflower":1,"minecraft:stone_pickaxe":1,"immersive_armors:wooden_helmet":1,"minecraft:spruce_sapling":17},"minecraft:picked_up":{"minecraft:crafting_table":1,"minecraft:iron_chestplate":2,"minecraft:cooked_beef":12,"minecraft:dirt":4,"minecraft:oak_trapdoor":1,"minecraft:iron_leggings":1,"minecraft:white_carpet":4,"minecraft:wheat_seeds":1,"minecraft:stone_pickaxe":1,"minecraft:spruce_planks":5,"minecraft:iron_ingot":2,"minecraft:cooked_chicken":1,"minecraft:spruce_slab":1,"minecraft:lectern":1,"minecraft:book":19,"minecraft:stick":29,"minecraft:black_terracotta":3,"minecraft:cooked_porkchop":3,"minecraft:sweet_berries":13,"minecraft:brown_terracotta":2,"minecraft:oak_fence":1,"minecraft:torch":1,"minecraft:spruce_sapling":23,"minecraft:blast_furnace":1,"minecraft:spruce_log":94,"minecraft:purple_terracotta":5,"minecraft:dark_oak_planks":2,"minecraft:arrow":8,"immersive_armors:wooden_chestplate":1,"minecraft:hay_block":14,"minecraft:emerald":1,"minecraft:light_gray_carpet":3,"minecraft:cobblestone":57,"minecraft:sunflower":2},"minecraft:crafted":{"minecraft:diamond_sword":1,"minecraft:crafting_table":2,"minecraft:spruce_planks":284,"minecraft:wooden_pickaxe":1,"immersive_armors:wooden_leggings":1,"travelersbackpack:diamond":1,"minecraft:stone_axe":2,"travelersbackpack:netherite":1,"minecraft:bread":8,"minecraft:air":0,"immersive_armors:wooden_chestplate":1,"minecraft:wooden_hoe":1,"minecraft:shield":1,"minecraft:stick":4,"minecraft:stone_pickaxe":1,"minecraft:wooden_axe":1,"minecraft:iron_leggings":2,"immersive_armors:wooden_helmet":1,"minecraft:wheat":9},"minecraft:mined":{"minecraft:dark_oak_planks":1,"minecraft:light_gray_carpet":3,"minecraft:spruce_planks":4,"minecraft:black_terracotta":3,"minecraft:oak_fence":1,"minecraft:crafting_table":1,"minecraft:ladder":1,"minecraft:purple_terracotta":5,"minecraft:blast_furnace":1,"minecraft:oak_wood":2,"minecraft:grass_block":1,"minecraft:lectern":1,"minecraft:tall_grass":2,"minecraft:spruce_leaves":4,"minecraft:red_mushroom":1,"minecraft:spawner":1,"minecraft:hay_block":11,"minecraft:oak_trapdoor":1,"minecraft:white_carpet":3,"minecraft:spruce_log":94,"minecraft:grass":4,"minecraft:bookshelf":6,"minecraft:dirt_path":1,"minecraft:sunflower":1,"minecraft:dirt":2,"minecraft:packed_ice":30,"minecraft:brown_terracotta":1,"minecraft:stone":56,"minecraft:oak_leaves":3,"minecraft:spruce_slab":1},"minecraft:custom":{"minecraft:interact_with_smithing_table":1,"minecraft:mob_kills":6,"minecraft:traded_with_villager":3,"minecraft:interact_with_crafting_table":11,"minecraft:open_barrel":3,"minecraft:leave_game":8,"minecraft:time_since_death":5630,"minecraft:sleep_in_bed":4,"minecraft:climb_one_cm":1568,"minecraft:time_since_rest":5561,"minecraft:sprint_one_cm":228581,"minecraft:damage_taken":3918,"minecraft:walk_one_cm":223927,"minecraft:damage_blocked_by_shield":1668,"minecraft:drop":21,"minecraft:damage_dealt":2044,"minecraft:swim_one_cm":49327,"minecraft:talked_to_villager":9,"minecraft:fly_one_cm":270624,"minecraft:open_chest":21,"minecraft:crouch_one_cm":2979,"minecraft:play_time":110267,"minecraft:sneak_time":905,"minecraft:deaths":12,"minecraft:walk_under_water_one_cm":6076,"minecraft:jump":1486,"minecraft:walk_on_water_one_cm":10852,"minecraft:total_world_time":110267,"minecraft:fall_one_cm":48104}},"DataVersion":3465}