{"stats":{"minecraft:custom":{"minecraft:time_since_rest":1,"minecraft:walk_one_cm":13677,"minecraft:play_time":13743,"minecraft:sprint_one_cm":41888,"minecraft:damage_taken":1354,"minecraft:deaths":4,"minecraft:walk_under_water_one_cm":3400,"minecraft:damage_dealt_resisted":35,"minecraft:jump":218,"minecraft:damage_dealt":142,"minecraft:leave_game":1,"minecraft:time_since_death":69,"minecraft:walk_on_water_one_cm":7967,"minecraft:total_world_time":13743,"minecraft:swim_one_cm":11983,"minecraft:fall_one_cm":3204,"minecraft:fly_one_cm":56989},"minecraft:mined":{"minecraft:grass":2,"minecraft:oak_log":2,"minecraft:sand":1},"minecraft:crafted":{"minecraft:oak_planks":8,"minecraft:stick":4},"minecraft:used":{"minecraft:sand":1,"tombstone:gift":2},"minecraft:killed_by":{"minecraft:skeleton":1,"minecraft:creeper":1,"iceandfire:siren":1,"born_in_chaos_v1:zombie_lumberjack":1},"minecraft:picked_up":{"minecraft:sand":1,"minecraft:oak_log":2}},"DataVersion":3465}