{"stats":{"minecraft:used":{"minecraft:beetroot":1,"minecraft:spruce_slab":1,"minecraft:light_gray_carpet":3,"minecraft:spruce_planks":165,"minecraft:shield":81,"travelersbackpack:diamond":1,"minecraft:cooked_chicken":1,"minecraft:iron_chestplate":1,"minecraft:dirt":26,"minecraft:anvil":1,"minecraft:white_carpet":4,"minecraft:chainmail_chestplate":1,"minecraft:carrot":65,"minecraft:diamond_helmet":1,"minecraft:brown_terracotta":2,"minecraft:spruce_boat":2,"minecraft:wooden_axe":65,"minecraft:lava_bucket":3,"minecraft:iron_axe":224,"minecraft:diamond_chestplate":1,"minecraft:bow":34,"immersive_armors:wooden_chestplate":1,"minecraft:sweet_berries":19,"minecraft:oak_sapling":103,"minecraft:cooked_beef":17,"minecraft:cobbled_deepslate":2,"minecraft:light_gray_bed":1,"minecraft:wheat_seeds":6,"minecraft:water_bucket":25,"minecraft:diamond_boots":2,"minecraft:stone_pickaxe":74,"minecraft:wooden_pickaxe":3,"minecraft:diamond_axe":675,"minecraft:fletching_table":5,"minecraft:crafting_table":5,"minecraft:blast_furnace":1,"minecraft:white_bed":1,"minecraft:spruce_log":10,"minecraft:cake":1,"minecraft:oak_log":2,"minecraft:black_terracotta":3,"minecraft:wooden_hoe":65,"minecraft:diamond_pickaxe":1,"minecraft:cyan_bed":8,"travelersbackpack:netherite":2,"minecraft:sunflower":6,"minecraft:bread":33,"minecraft:iron_pickaxe":259,"minecraft:spruce_sapling":20,"minecraft:stone_axe":95,"minecraft:diamond_sword":266,"travelersbackpack:standard":3,"minecraft:cobblestone":36,"minecraft:cooked_porkchop":2,"minecraft:smithing_table":1,"minecraft:bucket":30,"alexsmobs:animal_dictionary":1,"minecraft:bone_meal":3,"minecraft:oak_trapdoor":1},"minecraft:killed":{"minecraft:spider":1,"minecraft:skeleton":3,"minecraft:horse":1,"alexsmobs:bison":6,"minecraft:drowned":1,"minecraft:husk":13,"minecraft:zombie":2,"alexsmobs:fly":1,"minecraft:cow":1},"minecraft:broken":{"minecraft:iron_leggings":1,"minecraft:shield":1,"minecraft:stone_axe":1},"minecraft:killed_by":{"minecraft:husk":4,"minecraft:player":3,"minecraft:skeleton":4,"minecraft:zombie":5},"minecraft:dropped":{"minecraft:iron_ingot":50,"minecraft:bread":3,"minecraft:purple_terracotta":5,"minecraft:iron_sword":1,"minecraft:wheat_seeds":3,"minecraft:cooked_beef":23,"minecraft:diamond_leggings":1,"minecraft:iron_helmet":1,"minecraft:cobblestone":50,"minecraft:book":47,"minecraft:fletching_table":2,"travelersbackpack:standard":1,"alexsmobs:bison_fur":9,"minecraft:item_frame":1,"minecraft:emerald":80,"minecraft:dirt":29,"minecraft:wooden_hoe":1,"minecraft:torch":1,"immersive_armors:wooden_leggings":1,"minecraft:wooden_axe":1,"minecraft:iron_leggings":6,"minecraft:sunflower":5,"minecraft:iron_axe":2,"immersive_armors:wooden_chestplate":1,"minecraft:iron_shovel":1,"minecraft:spruce_sapling":17,"minecraft:gravel":11,"minecraft:stone_axe":1,"minecraft:soul_soil":2,"minecraft:iron_nugget":12,"minecraft:wheat":1,"minecraft:clay_ball":28,"minecraft:chainmail_chestplate":1,"minecraft:diamond_chestplate":1,"minecraft:spruce_planks":1,"minecraft:iron_chestplate":3,"minecraft:charcoal":27,"minecraft:diamond_boots":1,"minecraft:arrow":10,"minecraft:stone_pickaxe":1,"minecraft:calcite":6,"immersive_armors:wooden_helmet":1},"minecraft:picked_up":{"minecraft:iron_chestplate":2,"minecraft:charcoal":27,"minecraft:crafting_table":1,"minecraft:wheat":19,"minecraft:clay_ball":28,"minecraft:potion":1,"minecraft:oak_trapdoor":1,"minecraft:soul_soil":3,"minecraft:iron_axe":1,"minecraft:iron_leggings":4,"minecraft:item_frame":1,"minecraft:white_carpet":4,"minecraft:iron_shovel":1,"minecraft:beetroot":1,"minecraft:cobbled_deepslate":66,"minecraft:spruce_planks":29,"minecraft:beef":45,"minecraft:calcite":6,"minecraft:iron_nugget":8,"minecraft:spruce_slab":1,"minecraft:lectern":1,"minecraft:stick":145,"minecraft:raw_iron":33,"minecraft:brown_terracotta":2,"minecraft:oak_fence":2,"minecraft:torch":3,"minecraft:carrot":51,"minecraft:purple_terracotta":5,"minecraft:dark_oak_planks":2,"minecraft:arrow":8,"minecraft:light_gray_bed":1,"minecraft:rotten_flesh":24,"minecraft:beetroot_seeds":2,"minecraft:hay_block":16,"minecraft:obsidian":1,"minecraft:white_wool":6,"minecraft:cobblestone":182,"minecraft:cooked_beef":21,"minecraft:leather":8,"minecraft:smoker":1,"minecraft:potato":9,"alexsmobs:bison_fur":12,"minecraft:flint":8,"minecraft:tuff":10,"minecraft:oak_log":267,"minecraft:dirt":55,"minecraft:apple":8,"minecraft:wheat_seeds":69,"minecraft:iron_ingot":3,"minecraft:stone_pickaxe":1,"minecraft:cooked_chicken":1,"minecraft:dark_oak_sign":9,"minecraft:fletching_table":3,"minecraft:iron_sword":1,"minecraft:book":198,"minecraft:black_terracotta":3,"minecraft:cooked_porkchop":3,"minecraft:sweet_berries":13,"minecraft:gravel":75,"minecraft:sand":55,"minecraft:spruce_sapling":87,"minecraft:blast_furnace":6,"minecraft:white_bed":1,"minecraft:spruce_log":607,"minecraft:cyan_bed":8,"travelersbackpack:standard":1,"minecraft:diamond":6,"minecraft:spruce_boat":1,"immersive_armors:wooden_chestplate":1,"minecraft:bone_meal":3,"minecraft:bread":21,"minecraft:emerald":147,"minecraft:oak_sapling":106,"minecraft:light_gray_carpet":3,"minecraft:coal":59,"minecraft:sunflower":11},"minecraft:crafted":{"minecraft:oak_planks":1060,"minecraft:stone_shovel":1,"travelersbackpack:diamond":1,"minecraft:bookshelf":24,"immersive_armors:wooden_chestplate":1,"minecraft:glass":51,"travelersbackpack:white_sleeping_bag":2,"minecraft:diamond_helmet":1,"minecraft:bow":1,"minecraft:diamond_leggings":1,"minecraft:iron_axe":2,"minecraft:stone_pickaxe":1,"minecraft:tipped_arrow":60,"minecraft:chest":2,"minecraft:diamond_boots":1,"minecraft:spruce_boat":1,"immersive_armors:wooden_helmet":1,"minecraft:wheat":27,"minecraft:cooked_beef":22,"minecraft:emerald":207,"minecraft:diamond_sword":1,"minecraft:arrow":192,"minecraft:diamond_axe":1,"minecraft:crafting_table":2,"minecraft:spruce_planks":2336,"travelersbackpack:backpack_tank":4,"minecraft:wooden_pickaxe":1,"travelersbackpack:standard":2,"minecraft:iron_sword":1,"immersive_armors:wooden_leggings":1,"minecraft:fletching_table":4,"minecraft:bucket":2,"minecraft:stone_axe":2,"travelersbackpack:netherite":1,"minecraft:enchanted_book":1,"minecraft:bread":8,"minecraft:air":0,"minecraft:diamond_pickaxe":1,"minecraft:wooden_hoe":2,"minecraft:charcoal":27,"minecraft:shield":1,"minecraft:stick":6248,"minecraft:iron_ingot":88,"minecraft:wooden_axe":1,"minecraft:iron_block":3,"minecraft:iron_shovel":1,"minecraft:iron_leggings":6,"minecraft:anvil":1,"minecraft:diamond_chestplate":1},"minecraft:mined":{"minecraft:dark_oak_planks":1,"minecraft:tuff":10,"minecraft:spruce_planks":4,"minecraft:white_bed":1,"minecraft:oak_sapling":2,"minecraft:deepslate_diamond_ore":6,"minecraft:black_terracotta":3,"minecraft:obsidian":1,"minecraft:ladder":1,"minecraft:purple_terracotta":5,"minecraft:grass_block":31,"minecraft:light_gray_bed":1,"minecraft:soul_campfire":1,"minecraft:spruce_leaves":4,"minecraft:red_mushroom":1,"minecraft:spawner":3,"minecraft:hay_block":13,"minecraft:oak_trapdoor":1,"minecraft:carrots":13,"minecraft:spruce_sapling":1,"minecraft:iron_ore":33,"minecraft:fire":2,"minecraft:fletching_table":2,"minecraft:bookshelf":51,"minecraft:potatoes":2,"minecraft:dirt_path":2,"minecraft:packed_ice":30,"minecraft:stone":147,"minecraft:white_wool":6,"minecraft:spruce_slab":1,"minecraft:redstone_wall_torch":1,"minecraft:podzol":1,"minecraft:light_gray_carpet":3,"minecraft:smoker":1,"travelersbackpack:standard":1,"minecraft:oak_fence":1,"minecraft:clay":7,"minecraft:crafting_table":1,"minecraft:torch":1,"minecraft:blast_furnace":5,"minecraft:emerald_ore":2,"minecraft:oak_wood":2,"minecraft:calcite":3,"minecraft:lectern":1,"minecraft:tall_grass":19,"minecraft:cyan_bed":8,"minecraft:grindstone":1,"minecraft:seagrass":1,"minecraft:wheat":19,"minecraft:spruce_log":630,"minecraft:white_carpet":3,"minecraft:grass":153,"minecraft:oak_log":268,"minecraft:coal_ore":25,"minecraft:beetroots":1,"minecraft:sunflower":4,"minecraft:gravel":6,"minecraft:dirt":8,"minecraft:brown_terracotta":1,"minecraft:oak_leaves":8,"minecraft:deepslate":78},"minecraft:custom":{"minecraft:interact_with_smithing_table":3,"minecraft:interact_with_anvil":7,"minecraft:mob_kills":29,"minecraft:interact_with_crafting_table":45,"minecraft:open_barrel":7,"minecraft:eat_cake_slice":2,"minecraft:leave_game":9,"minecraft:time_since_death":511,"minecraft:climb_one_cm":8568,"minecraft:sprint_one_cm":522085,"minecraft:walk_one_cm":736327,"minecraft:damage_blocked_by_shield":2497,"minecraft:drop":150,"minecraft:talked_to_villager":114,"minecraft:play_time":284266,"minecraft:sneak_time":1679,"minecraft:deaths":22,"minecraft:walk_under_water_one_cm":10661,"minecraft:boat_one_cm":158760,"minecraft:jump":3297,"minecraft:interact_with_blast_furnace":14,"minecraft:walk_on_water_one_cm":18174,"minecraft:total_world_time":284266,"minecraft:interact_with_furnace":12,"minecraft:traded_with_villager":246,"minecraft:sleep_in_bed":14,"minecraft:time_since_rest":541,"minecraft:damage_taken":8926,"minecraft:damage_dealt":9256,"minecraft:swim_one_cm":55975,"minecraft:fly_one_cm":597916,"minecraft:player_kills":1,"minecraft:open_chest":83,"minecraft:crouch_one_cm":4184,"minecraft:interact_with_smoker":4,"minecraft:fall_one_cm":107997}},"DataVersion":3465}