{"stats":{"minecraft:crafted":{"minecraft:crafting_table":1,"minecraft:spruce_planks":284,"minecraft:wooden_pickaxe":1,"immersive_armors:wooden_leggings":1,"travelersbackpack:diamond":1,"minecraft:stone_axe":1,"travelersbackpack:netherite":1,"minecraft:bread":8,"immersive_armors:wooden_chestplate":1,"minecraft:wooden_hoe":1,"minecraft:stick":4,"minecraft:stone_pickaxe":1,"minecraft:wooden_axe":1,"immersive_armors:wooden_helmet":1,"minecraft:wheat":9},"minecraft:used":{"minecraft:oak_trapdoor":1,"minecraft:spruce_slab":1,"minecraft:stone_pickaxe":27,"minecraft:light_gray_carpet":3,"minecraft:spruce_planks":61,"minecraft:wooden_pickaxe":3,"travelersbackpack:diamond":1,"minecraft:iron_chestplate":1,"minecraft:dirt":1,"minecraft:white_carpet":4,"minecraft:crafting_table":4,"minecraft:carrot":10,"minecraft:spruce_log":3,"minecraft:wooden_axe":65,"minecraft:wooden_hoe":12,"travelersbackpack:netherite":2,"minecraft:bread":5,"minecraft:stone_axe":53,"minecraft:cobblestone":16,"minecraft:sweet_berries":3,"minecraft:smithing_table":1,"alexsmobs:animal_dictionary":1},"minecraft:picked_up":{"minecraft:crafting_table":1,"minecraft:oak_trapdoor":1,"minecraft:dirt":4,"minecraft:white_carpet":4,"minecraft:spruce_planks":1,"minecraft:iron_ingot":2,"minecraft:cooked_chicken":1,"minecraft:spruce_slab":1,"minecraft:lectern":1,"minecraft:book":18,"minecraft:stick":29,"minecraft:cooked_porkchop":3,"minecraft:sweet_berries":13,"minecraft:oak_fence":1,"minecraft:torch":1,"minecraft:spruce_sapling":23,"minecraft:blast_furnace":1,"minecraft:spruce_log":94,"minecraft:hay_block":14,"minecraft:emerald":1,"minecraft:light_gray_carpet":3,"minecraft:cobblestone":26,"minecraft:sunflower":1},"minecraft:custom":{"minecraft:interact_with_smithing_table":1,"minecraft:mob_kills":1,"minecraft:interact_with_crafting_table":9,"minecraft:leave_game":7,"minecraft:time_since_death":10736,"minecraft:sleep_in_bed":3,"minecraft:time_since_rest":9822,"minecraft:sprint_one_cm":141632,"minecraft:damage_taken":1419,"minecraft:walk_one_cm":104522,"minecraft:drop":8,"minecraft:damage_dealt":181,"minecraft:swim_one_cm":42584,"minecraft:talked_to_villager":4,"minecraft:fly_one_cm":143583,"minecraft:open_chest":11,"minecraft:crouch_one_cm":2449,"minecraft:play_time":74065,"minecraft:deaths":5,"minecraft:sneak_time":697,"minecraft:walk_under_water_one_cm":5846,"minecraft:jump":777,"minecraft:walk_on_water_one_cm":10236,"minecraft:total_world_time":74065,"minecraft:fall_one_cm":20976},"minecraft:killed_by":{"minecraft:skeleton":2},"minecraft:mined":{"minecraft:light_gray_carpet":3,"minecraft:crafting_table":1,"minecraft:oak_fence":1,"minecraft:blast_furnace":1,"minecraft:grass_block":1,"minecraft:lectern":1,"minecraft:tall_grass":2,"minecraft:spruce_leaves":4,"minecraft:spawner":1,"minecraft:hay_block":11,"minecraft:oak_trapdoor":1,"minecraft:white_carpet":3,"minecraft:spruce_log":94,"minecraft:bookshelf":6,"minecraft:dirt_path":1,"minecraft:sunflower":1,"minecraft:dirt":2,"minecraft:packed_ice":30,"minecraft:stone":25,"minecraft:spruce_slab":1},"minecraft:dropped":{"minecraft:iron_ingot":2,"minecraft:emerald":3,"minecraft:spruce_planks":1,"minecraft:spruce_sapling":17},"minecraft:killed":{"alexsmobs:fly":1}},"DataVersion":3465}