{"stats":{"minecraft:broken":{"minecraft:stone_pickaxe":2,"minecraft:stone_axe":1,"minecraft:wooden_axe":1},"minecraft:killed_by":{"minecraft:player":3,"minecraft:cave_spider":2,"minecraft:wither_skeleton":13,"minecraft:skeleton":3,"minecraft:creeper":1,"minecraft:spider":1},"minecraft:used":{"minecraft:dark_oak_stairs":1,"minecraft:stone_pickaxe":317,"minecraft:wooden_pickaxe":18,"minecraft:fletching_table":3,"minecraft:torch":65,"minecraft:crafting_table":2,"minecraft:stripped_spruce_log":3,"minecraft:wooden_axe":131,"minecraft:bread":3,"minecraft:cyan_carpet":1,"minecraft:iron_pickaxe":27,"minecraft:dark_oak_wood":2,"minecraft:smooth_quartz":3,"minecraft:gravel":1,"minecraft:stone_axe":95,"minecraft:diamond_sword":531,"minecraft:golden_carrot":12,"minecraft:cobblestone":75,"minecraft:sweet_berries":5,"minecraft:purple_bed":1,"minecraft:coarse_dirt":1},"minecraft:custom":{"minecraft:interact_with_smithing_table":1,"minecraft:mob_kills":88,"minecraft:inspect_hopper":2,"minecraft:interact_with_crafting_table":11,"minecraft:tune_noteblock":4,"minecraft:damage_dealt_resisted":7297,"minecraft:leave_game":4,"minecraft:time_since_death":3623,"minecraft:sleep_in_bed":1,"minecraft:climb_one_cm":1565,"minecraft:time_since_rest":3666,"minecraft:sprint_one_cm":175629,"minecraft:damage_taken":7703,"minecraft:walk_one_cm":318347,"minecraft:drop":35,"minecraft:damage_dealt":32789,"minecraft:play_noteblock":1,"minecraft:player_kills":2,"minecraft:swim_one_cm":18061,"minecraft:fly_one_cm":200996,"minecraft:talked_to_villager":4,"minecraft:open_chest":62,"minecraft:crouch_one_cm":782,"minecraft:play_time":150603,"minecraft:deaths":28,"minecraft:sneak_time":182,"minecraft:walk_under_water_one_cm":2395,"minecraft:jump":1219,"minecraft:walk_on_water_one_cm":14954,"minecraft:total_world_time":150603,"minecraft:fall_one_cm":26613},"minecraft:crafted":{"minecraft:crafting_table":2,"minecraft:spruce_planks":284,"minecraft:wooden_pickaxe":1,"minecraft:fletching_table":3,"minecraft:stone_axe":1,"minecraft:stick":20,"minecraft:stone_pickaxe":3,"minecraft:wooden_axe":2,"minecraft:torch":56},"minecraft:dropped":{"minecraft:iron_ingot":4,"minecraft:bread":11,"minecraft:stone_axe":1,"minecraft:dark_oak_stairs":1,"minecraft:cobbled_deepslate":22,"minecraft:raw_copper":5,"minecraft:cobblestone":12,"minecraft:rotten_flesh":2,"minecraft:stick":2,"minecraft:diamond_sword":2,"minecraft:poppy":1,"minecraft:dirt":3,"minecraft:golden_carrot":4,"minecraft:torch":8,"minecraft:spruce_planks":172,"minecraft:dark_oak_wood":3,"minecraft:smooth_quartz":16,"minecraft:spruce_wood":11,"minecraft:spider_eye":2,"minecraft:chainmail_leggings":1,"minecraft:string":18,"minecraft:dark_prismarine":2,"minecraft:spruce_sapling":5,"minecraft:gold_ingot":25},"minecraft:mined":{"minecraft:podzol":1,"minecraft:dark_prismarine":2,"minecraft:spruce_planks":9,"minecraft:cornflower":1,"minecraft:torch":7,"minecraft:dark_oak_wood":5,"minecraft:spruce_fence":4,"minecraft:rose_bush":1,"minecraft:copper_ore":1,"minecraft:cobblestone":23,"minecraft:spruce_leaves":2,"minecraft:wall_torch":3,"minecraft:spawner":5,"minecraft:large_fern":1,"minecraft:purple_bed":2,"minecraft:coarse_dirt":1,"minecraft:sweet_berry_bush":2,"minecraft:iron_ore":7,"minecraft:spruce_log":152,"minecraft:stripped_spruce_log":13,"minecraft:dark_oak_stairs":2,"minecraft:grass":1,"minecraft:bookshelf":10,"minecraft:coal_ore":12,"minecraft:cyan_carpet":1,"minecraft:gravel":20,"minecraft:dirt":2,"minecraft:smooth_quartz":37,"minecraft:spruce_wood":8,"minecraft:stone":228,"minecraft:oak_leaves":1,"minecraft:deepslate":25},"minecraft:picked_up":{"minecraft:wooden_axe":1,"minecraft:coarse_dirt":1,"minecraft:diamond_sword":4,"minecraft:cornflower":1,"minecraft:dirt":3,"minecraft:string":40,"minecraft:raw_copper":5,"minecraft:bone":32,"minecraft:cyan_carpet":2,"minecraft:cobbled_deepslate":25,"minecraft:spruce_planks":10,"minecraft:spruce_wood":11,"minecraft:iron_ingot":4,"minecraft:stone_pickaxe":1,"minecraft:smooth_quartz":35,"minecraft:poppy":1,"minecraft:iron_pickaxe":1,"minecraft:dark_oak_stairs":2,"minecraft:book":21,"minecraft:raw_iron":7,"minecraft:stick":19,"minecraft:sweet_berries":5,"minecraft:torch":23,"minecraft:gravel":21,"minecraft:spruce_fence":2,"minecraft:stripped_spruce_log":13,"minecraft:spruce_sapling":23,"minecraft:spruce_log":108,"minecraft:dark_prismarine":2,"minecraft:spider_eye":6,"minecraft:dark_oak_planks":2,"minecraft:arrow":12,"minecraft:purple_bed":2,"minecraft:rotten_flesh":3,"minecraft:stone_axe":1,"minecraft:chainmail_leggings":1,"minecraft:gold_ingot":25,"minecraft:dark_oak_wood":6,"minecraft:coal":19,"minecraft:cobblestone":258},"minecraft:killed":{"minecraft:cave_spider":9,"minecraft:spider":16,"minecraft:iron_golem":1,"minecraft:skeleton":2,"minecraft:zombie":1,"minecraft:wither_skeleton":58}},"DataVersion":3465}