{"stats":{"minecraft:crafted":{"minecraft:oak_planks":1064,"travelersbackpack:crafting_upgrade":1,"minecraft:blaze_powder":24,"minecraft:diamond_shovel":2,"travelersbackpack:diamond":1,"minecraft:bookshelf":24,"minecraft:cooked_mutton":8,"immersive_armors:wooden_chestplate":1,"minecraft:glass":97,"minecraft:diamond_helmet":1,"minecraft:bow":1,"minecraft:diamond_leggings":2,"minecraft:tipped_arrow":60,"minecraft:chest":9,"immersive_armors:wooden_helmet":1,"minecraft:ender_eye":17,"minecraft:golden_boots":2,"minecraft:emerald":317,"minecraft:arrow":192,"minecraft:diamond_axe":1,"minecraft:crafting_table":4,"minecraft:spruce_planks":2336,"minecraft:wooden_pickaxe":1,"travelersbackpack:standard":2,"immersive_armors:wooden_leggings":1,"minecraft:fletching_table":4,"minecraft:wooden_hoe":2,"minecraft:diamond_pickaxe":2,"minecraft:charcoal":27,"minecraft:shield":2,"minecraft:stick":6248,"minecraft:iron_ingot":673,"minecraft:iron_block":141,"minecraft:gold_ingot":20,"minecraft:stone_shovel":1,"minecraft:diamond_hoe":1,"travelersbackpack:blank_upgrade":8,"travelersbackpack:gold_tier_upgrade":1,"minecraft:diamond_block":69,"minecraft:flint_and_steel":2,"minecraft:diamond":36,"travelersbackpack:white_sleeping_bag":2,"minecraft:iron_axe":3,"travelersbackpack:gold":3,"minecraft:stone_pickaxe":1,"minecraft:diamond_boots":1,"minecraft:spruce_boat":1,"travelersbackpack:diamond_tier_upgrade":3,"minecraft:wheat":27,"minecraft:cooked_beef":22,"minecraft:crimson_planks":128,"minecraft:diamond_sword":2,"travelersbackpack:backpack_tank":9,"minecraft:iron_sword":1,"minecraft:bucket":2,"minecraft:stone_axe":2,"travelersbackpack:netherite":1,"minecraft:enchanted_book":1,"minecraft:bread":8,"minecraft:air":0,"minecraft:wooden_axe":1,"minecraft:iron_shovel":1,"minecraft:iron_leggings":6,"minecraft:anvil":1,"minecraft:diamond_chestplate":1},"minecraft:dropped":{"minecraft:iron_sword":1,"minecraft:lapis_lazuli":46,"minecraft:cooked_beef":29,"minecraft:glass_bottle":1,"minecraft:leather":214,"minecraft:fletching_table":2,"travelersbackpack:standard":1,"alexsmobs:bison_fur":18,"minecraft:flint":10,"minecraft:item_frame":1,"minecraft:emerald":93,"minecraft:dirt":29,"immersive_armors:wooden_leggings":1,"minecraft:gold_nugget":4,"minecraft:sunflower":5,"minecraft:iron_pickaxe":3,"immersive_armors:wooden_chestplate":1,"minecraft:gold_ingot":2327,"minecraft:gravel":126,"minecraft:stone_axe":1,"minecraft:blackstone":138,"minecraft:iron_nugget":140,"minecraft:cobbled_deepslate":38,"minecraft:nether_brick":260,"minecraft:wheat":1,"minecraft:rotten_flesh":10,"minecraft:chainmail_chestplate":1,"travelersbackpack:gold":1,"minecraft:gunpowder":6,"minecraft:charcoal":27,"minecraft:arrow":10,"minecraft:quartz":177,"minecraft:splash_potion":1,"minecraft:netherrack":548,"minecraft:crimson_planks":12,"minecraft:iron_ingot":277,"minecraft:enchanted_book":1,"minecraft:golden_boots":2,"minecraft:bread":3,"minecraft:purple_terracotta":5,"minecraft:wheat_seeds":174,"minecraft:bookshelf":24,"minecraft:diamond_leggings":1,"minecraft:iron_helmet":1,"minecraft:feather":15,"minecraft:cobblestone":50,"minecraft:book":132,"minecraft:spectral_arrow":257,"minecraft:torch":2,"minecraft:wooden_hoe":3,"minecraft:wooden_axe":1,"travelersbackpack:blank_upgrade":2,"minecraft:fire_charge":7,"minecraft:potion":6,"minecraft:iron_leggings":6,"minecraft:iron_axe":2,"minecraft:iron_shovel":1,"minecraft:string":148,"minecraft:spruce_sapling":17,"minecraft:smooth_basalt":4,"minecraft:soul_soil":2,"alexsmobs:pigshoes":12,"minecraft:raw_iron":7,"minecraft:clay_ball":28,"travelersbackpack:diamond_tier_upgrade":2,"minecraft:diamond_sword":3,"minecraft:potato":9,"minecraft:diamond_chestplate":1,"minecraft:spruce_planks":1,"minecraft:diamond_pickaxe":1,"minecraft:iron_chestplate":3,"minecraft:diamond_boots":1,"minecraft:stone_pickaxe":1,"minecraft:calcite":6,"minecraft:magma_block":4,"immersive_armors:wooden_helmet":1},"minecraft:picked_up":{"minecraft:iron_chestplate":2,"minecraft:wheat":19,"minecraft:diamond_sword":1,"minecraft:potion":7,"minecraft:enchanted_book":2,"minecraft:nether_brick":116,"minecraft:crimson_planks":12,"minecraft:string":81,"minecraft:soul_soil":3,"minecraft:iron_leggings":4,"minecraft:beetroot":1,"minecraft:gold_nugget":172,"minecraft:cobbled_deepslate":104,"minecraft:spruce_planks":29,"minecraft:ender_eye":1,"minecraft:calcite":6,"minecraft:iron_pickaxe":2,"minecraft:iron_boots":1,"minecraft:stick":415,"minecraft:brown_terracotta":2,"minecraft:oak_fence":2,"minecraft:torch":3,"minecraft:rotten_flesh":34,"minecraft:light_gray_bed":1,"minecraft:blaze_rod":12,"minecraft:obsidian":42,"minecraft:cobblestone":191,"minecraft:magma_block":8,"minecraft:feather":15,"minecraft:cooked_beef":24,"minecraft:smoker":1,"minecraft:potato":9,"alexsmobs:bison_fur":18,"minecraft:flint":30,"minecraft:tuff":10,"minecraft:lapis_lazuli":46,"minecraft:dirt":111,"minecraft:bone":4,"minecraft:wheat_seeds":181,"minecraft:dark_oak_sign":9,"minecraft:fletching_table":3,"travelersbackpack:gold":1,"minecraft:black_terracotta":3,"minecraft:cooked_porkchop":8,"minecraft:sand":113,"minecraft:cyan_bed":8,"minecraft:spectral_arrow":311,"minecraft:diamond":172,"minecraft:spruce_boat":1,"minecraft:bone_meal":3,"minecraft:emerald":150,"minecraft:bread":29,"minecraft:oak_sapling":106,"minecraft:light_gray_carpet":3,"minecraft:netherrack":569,"minecraft:diamond_pickaxe":3,"minecraft:charcoal":27,"minecraft:crafting_table":1,"minecraft:splash_potion":2,"minecraft:clay_ball":28,"alexsmobs:pigshoes":12,"minecraft:oak_trapdoor":1,"minecraft:iron_axe":1,"minecraft:iron_shovel":1,"minecraft:item_frame":1,"minecraft:white_carpet":4,"minecraft:blackstone":184,"minecraft:beef":45,"minecraft:iron_nugget":102,"minecraft:spruce_slab":1,"minecraft:lectern":1,"minecraft:raw_iron":40,"minecraft:stripped_mangrove_wood":1,"minecraft:fire_charge":7,"minecraft:carrot":82,"minecraft:purple_terracotta":5,"minecraft:dark_oak_planks":2,"minecraft:arrow":12,"minecraft:beetroot_seeds":2,"minecraft:nether_bricks":41,"minecraft:diamond_boots":1,"minecraft:hay_block":16,"minecraft:gold_ingot":1429,"minecraft:white_wool":6,"minecraft:crimson_stem":32,"minecraft:leather":492,"minecraft:oak_log":268,"minecraft:ancient_debris":1,"minecraft:golden_boots":1,"minecraft:nether_wart_block":6,"minecraft:gunpowder":12,"minecraft:wooden_hoe":1,"minecraft:cooked_mutton":36,"minecraft:apple":8,"minecraft:iron_ingot":500,"minecraft:stone_pickaxe":1,"minecraft:cooked_chicken":10,"minecraft:iron_sword":1,"minecraft:soul_sand":64,"minecraft:book":198,"minecraft:smooth_basalt":4,"minecraft:sweet_berries":13,"minecraft:quartz":230,"minecraft:gravel":277,"minecraft:lava_bucket":1,"minecraft:spruce_sapling":87,"minecraft:blast_furnace":6,"minecraft:white_bed":1,"minecraft:spruce_log":607,"minecraft:crying_obsidian":21,"travelersbackpack:standard":1,"immersive_armors:wooden_chestplate":1,"minecraft:coal":61,"minecraft:sunflower":11,"minecraft:ender_pearl":22},"minecraft:mined":{"minecraft:dark_oak_planks":1,"minecraft:spruce_planks":4,"minecraft:white_bed":1,"minecraft:oak_sapling":2,"minecraft:black_terracotta":3,"minecraft:obsidian":22,"minecraft:grass_block":83,"minecraft:cracked_polished_blackstone_bricks":10,"minecraft:light_gray_bed":1,"minecraft:spawner":3,"minecraft:polished_blackstone_bricks":32,"minecraft:magma_block":61,"minecraft:iron_ore":33,"minecraft:fire":3,"minecraft:fletching_table":2,"minecraft:dirt_path":2,"minecraft:spruce_slab":1,"minecraft:blackstone":31,"minecraft:smoker":1,"minecraft:crimson_nylium":6,"minecraft:clay":8,"minecraft:torch":1,"minecraft:blast_furnace":5,"minecraft:calcite":3,"minecraft:nether_quartz_ore":5,"minecraft:cyan_bed":8,"minecraft:grindstone":1,"minecraft:seagrass":1,"minecraft:nether_wart_block":157,"minecraft:wheat":19,"minecraft:grass":161,"minecraft:oak_log":269,"minecraft:beetroots":1,"minecraft:sand":70,"minecraft:dirt":16,"minecraft:crimson_planks":6,"minecraft:smooth_basalt":6,"minecraft:netherrack":1144,"minecraft:ancient_debris":1,"minecraft:oak_leaves":8,"minecraft:deepslate":81,"minecraft:nether_gold_ore":18,"minecraft:tuff":10,"minecraft:deepslate_diamond_ore":10,"minecraft:ladder":1,"minecraft:nether_bricks":42,"minecraft:purple_terracotta":5,"minecraft:crimson_roots":2,"minecraft:soul_campfire":1,"minecraft:spruce_leaves":4,"minecraft:red_mushroom":1,"minecraft:crimson_stem":31,"minecraft:hay_block":13,"minecraft:oak_trapdoor":1,"minecraft:spruce_sapling":1,"minecraft:carrots":25,"minecraft:bookshelf":51,"minecraft:potatoes":2,"minecraft:shroomlight":2,"minecraft:packed_ice":30,"minecraft:stone":147,"minecraft:white_wool":6,"minecraft:redstone_wall_torch":1,"minecraft:podzol":1,"minecraft:light_gray_carpet":3,"travelersbackpack:standard":1,"minecraft:oak_fence":1,"minecraft:crafting_table":1,"minecraft:emerald_ore":2,"minecraft:oak_wood":2,"minecraft:lectern":1,"minecraft:tall_grass":24,"minecraft:coarse_dirt":2,"minecraft:white_carpet":3,"minecraft:spruce_log":630,"minecraft:coal_ore":25,"minecraft:sunflower":4,"minecraft:gravel":17,"minecraft:brown_terracotta":1},"minecraft:used":{"minecraft:beetroot":1,"minecraft:spruce_slab":1,"minecraft:diamond_hoe":29,"minecraft:shield":85,"travelersbackpack:diamond":1,"minecraft:iron_chestplate":1,"minecraft:nether_bricks":41,"minecraft:carrot":68,"minecraft:obsidian":10,"minecraft:spruce_boat":2,"minecraft:lava_bucket":3,"immersive_armors:wooden_chestplate":1,"minecraft:bow":36,"minecraft:sweet_berries":19,"minecraft:oak_sapling":103,"minecraft:golden_boots":1,"minecraft:diamond_boots":2,"minecraft:stone_pickaxe":74,"minecraft:ender_pearl":8,"minecraft:wooden_pickaxe":3,"minecraft:diamond_axe":875,"minecraft:blast_furnace":1,"minecraft:black_terracotta":3,"travelersbackpack:netherite":2,"minecraft:bread":48,"minecraft:cyan_bed":8,"minecraft:nether_wart_block":6,"minecraft:diamond_sword":341,"minecraft:smithing_table":1,"minecraft:bone_meal":3,"minecraft:oak_trapdoor":1,"minecraft:flint_and_steel":3,"minecraft:light_gray_carpet":3,"minecraft:spruce_planks":165,"minecraft:cooked_chicken":1,"minecraft:netherrack":69,"minecraft:dirt":82,"minecraft:anvil":1,"minecraft:white_carpet":4,"minecraft:chainmail_chestplate":1,"minecraft:diamond_helmet":1,"minecraft:brown_terracotta":2,"minecraft:wooden_axe":65,"travelersbackpack:gold":3,"minecraft:iron_axe":224,"minecraft:crimson_planks":68,"minecraft:diamond_chestplate":1,"minecraft:cooked_beef":17,"minecraft:cobbled_deepslate":2,"minecraft:light_gray_bed":1,"minecraft:wheat_seeds":6,"minecraft:cooked_mutton":5,"minecraft:water_bucket":52,"minecraft:fletching_table":5,"minecraft:crafting_table":6,"minecraft:white_bed":1,"minecraft:spruce_log":10,"minecraft:cake":1,"minecraft:oak_log":2,"minecraft:ender_eye":1,"minecraft:wooden_hoe":65,"minecraft:diamond_pickaxe":1388,"minecraft:diamond_shovel":141,"minecraft:sunflower":6,"minecraft:iron_pickaxe":259,"minecraft:spruce_sapling":20,"minecraft:stone_axe":95,"minecraft:cobblestone":45,"minecraft:potion":1,"travelersbackpack:standard":3,"minecraft:cooked_porkchop":7,"minecraft:bucket":57,"alexsmobs:animal_dictionary":1},"minecraft:killed_by":{"minecraft:zombie":6,"minecraft:husk":4,"minecraft:player":6,"minecraft:skeleton":4},"minecraft:broken":{"minecraft:iron_leggings":1,"minecraft:stone_axe":1,"minecraft:shield":1},"minecraft:custom":{"minecraft:interact_with_crafting_table":70,"minecraft:open_barrel":7,"minecraft:eat_cake_slice":2,"minecraft:leave_game":10,"minecraft:time_since_death":4858,"minecraft:sprint_one_cm":652854,"minecraft:damage_blocked_by_shield":2592,"minecraft:drop":336,"minecraft:talked_to_villager":165,"minecraft:play_time":451282,"minecraft:deaths":33,"minecraft:jump":4903,"minecraft:walk_on_water_one_cm":45572,"minecraft:enchant_item":17,"minecraft:interact_with_furnace":17,"minecraft:traded_with_villager":362,"minecraft:sleep_in_bed":16,"minecraft:damage_dealt":12549,"minecraft:player_kills":1,"minecraft:crouch_one_cm":6408,"minecraft:interact_with_smoker":6,"minecraft:interact_with_smithing_table":16,"minecraft:mob_kills":57,"minecraft:interact_with_anvil":11,"minecraft:climb_one_cm":9220,"minecraft:walk_one_cm":1027283,"minecraft:sneak_time":2349,"minecraft:walk_under_water_one_cm":23089,"minecraft:boat_one_cm":158760,"minecraft:interact_with_blast_furnace":15,"minecraft:total_world_time":451282,"minecraft:time_since_rest":13850,"minecraft:damage_taken":12240,"minecraft:swim_one_cm":60485,"minecraft:fly_one_cm":823731,"minecraft:open_chest":113,"minecraft:fall_one_cm":169750},"minecraft:killed":{"minecraft:zombified_piglin":9,"minecraft:spider":2,"minecraft:skeleton":4,"minecraft:iron_golem":1,"alexsmobs:crimson_mosquito":1,"minecraft:zombie":4,"alexsmobs:fly":1,"minecraft:blaze":4,"minecraft:cow":1,"minecraft:horse":1,"minecraft:drowned":1,"alexsmobs:bison":6,"minecraft:husk":13,"minecraft:hoglin":1,"minecraft:wither_skeleton":2,"minecraft:enderman":1}},"DataVersion":3465}