{"stats":{"minecraft:crafted":{"minecraft:crafting_table":1,"minecraft:spruce_planks":284,"minecraft:stick":4,"minecraft:wooden_pickaxe":1,"minecraft:stone_pickaxe":1,"minecraft:wooden_axe":1,"immersive_armors:wooden_leggings":1,"immersive_armors:wooden_helmet":1,"travelersbackpack:diamond":1,"minecraft:stone_axe":1,"travelersbackpack:netherite":1,"minecraft:bread":8,"minecraft:wheat":9,"immersive_armors:wooden_chestplate":1},"minecraft:used":{"minecraft:oak_trapdoor":1,"minecraft:wooden_axe":65,"minecraft:spruce_slab":1,"minecraft:bread":2,"travelersbackpack:netherite":2,"minecraft:stone_pickaxe":26,"minecraft:light_gray_carpet":3,"minecraft:spruce_planks":4,"minecraft:wooden_pickaxe":3,"travelersbackpack:diamond":1,"minecraft:iron_chestplate":1,"minecraft:stone_axe":46,"minecraft:dirt":1,"minecraft:cobblestone":16,"minecraft:white_carpet":4,"minecraft:sweet_berries":3,"minecraft:crafting_table":3,"minecraft:smithing_table":1,"minecraft:carrot":10,"alexsmobs:animal_dictionary":1,"minecraft:spruce_log":3},"minecraft:picked_up":{"minecraft:stick":29,"minecraft:crafting_table":1,"minecraft:sweet_berries":13,"minecraft:oak_fence":1,"minecraft:spruce_sapling":23,"minecraft:spruce_log":94,"minecraft:dirt":4,"minecraft:oak_trapdoor":1,"minecraft:white_carpet":4,"minecraft:hay_block":1,"minecraft:spruce_slab":1,"minecraft:light_gray_carpet":3,"minecraft:cobblestone":26},"minecraft:custom":{"minecraft:time_since_rest":262,"minecraft:interact_with_smithing_table":1,"minecraft:sprint_one_cm":108960,"minecraft:damage_taken":1048,"minecraft:walk_one_cm":75030,"minecraft:mob_kills":1,"minecraft:drop":2,"minecraft:damage_dealt":181,"minecraft:swim_one_cm":37993,"minecraft:interact_with_crafting_table":8,"minecraft:fly_one_cm":109201,"minecraft:open_chest":9,"minecraft:crouch_one_cm":182,"minecraft:play_time":62065,"minecraft:deaths":4,"minecraft:sneak_time":148,"minecraft:walk_under_water_one_cm":5436,"minecraft:jump":613,"minecraft:leave_game":7,"minecraft:time_since_death":219,"minecraft:walk_on_water_one_cm":8490,"minecraft:sleep_in_bed":2,"minecraft:total_world_time":62065,"minecraft:fall_one_cm":16228},"minecraft:killed_by":{"minecraft:skeleton":2},"minecraft:mined":{"minecraft:hay_block":1,"minecraft:light_gray_carpet":3,"minecraft:oak_trapdoor":1,"minecraft:white_carpet":3,"minecraft:spruce_log":94,"minecraft:oak_fence":1,"minecraft:crafting_table":1,"minecraft:grass_block":1,"minecraft:dirt_path":1,"minecraft:dirt":2,"minecraft:packed_ice":30,"minecraft:spruce_leaves":4,"minecraft:stone":25,"minecraft:spruce_slab":1,"minecraft:spawner":1},"minecraft:dropped":{"minecraft:spruce_sapling":17},"minecraft:killed":{"alexsmobs:fly":1}},"DataVersion":3465}