{"stats":{"minecraft:used":{"minecraft:oak_trapdoor":1,"minecraft:spruce_slab":1,"minecraft:light_gray_carpet":3,"minecraft:spruce_planks":165,"minecraft:shield":68,"travelersbackpack:diamond":1,"minecraft:cooked_chicken":1,"minecraft:iron_chestplate":1,"minecraft:dirt":8,"minecraft:anvil":1,"minecraft:white_carpet":4,"minecraft:chainmail_chestplate":1,"minecraft:carrot":10,"minecraft:diamond_helmet":1,"minecraft:spruce_boat":2,"minecraft:wooden_axe":65,"minecraft:brown_terracotta":2,"minecraft:lava_bucket":1,"minecraft:iron_axe":224,"minecraft:diamond_chestplate":1,"minecraft:bow":21,"immersive_armors:wooden_chestplate":1,"minecraft:sweet_berries":19,"minecraft:cooked_beef":17,"minecraft:wheat_seeds":6,"minecraft:diamond_boots":1,"minecraft:stone_pickaxe":74,"minecraft:wooden_pickaxe":3,"minecraft:diamond_axe":201,"minecraft:fletching_table":5,"minecraft:crafting_table":5,"minecraft:blast_furnace":1,"minecraft:white_bed":1,"minecraft:spruce_log":10,"minecraft:black_terracotta":3,"minecraft:wooden_hoe":38,"minecraft:sunflower":2,"minecraft:bread":12,"travelersbackpack:netherite":2,"minecraft:iron_pickaxe":30,"minecraft:spruce_sapling":17,"minecraft:stone_axe":95,"minecraft:diamond_sword":118,"minecraft:cobblestone":36,"travelersbackpack:standard":3,"minecraft:cooked_porkchop":2,"minecraft:smithing_table":1,"minecraft:bucket":3,"alexsmobs:animal_dictionary":1},"minecraft:killed":{"minecraft:spider":1,"minecraft:horse":1,"minecraft:skeleton":3,"minecraft:drowned":1,"alexsmobs:bison":4,"minecraft:zombie":1,"alexsmobs:fly":1,"minecraft:cow":1},"minecraft:broken":{"minecraft:stone_axe":1},"minecraft:killed_by":{"minecraft:player":1,"minecraft:skeleton":4,"minecraft:zombie":5},"minecraft:dropped":{"minecraft:iron_ingot":50,"minecraft:bread":3,"minecraft:purple_terracotta":5,"minecraft:iron_sword":1,"minecraft:wheat_seeds":2,"minecraft:cooked_beef":23,"minecraft:diamond_leggings":1,"minecraft:iron_helmet":1,"minecraft:cobblestone":50,"minecraft:book":47,"minecraft:fletching_table":2,"travelersbackpack:standard":1,"minecraft:emerald":62,"minecraft:dirt":6,"minecraft:wooden_hoe":1,"minecraft:torch":1,"immersive_armors:wooden_leggings":1,"minecraft:wooden_axe":1,"minecraft:iron_leggings":6,"minecraft:sunflower":1,"minecraft:iron_axe":2,"immersive_armors:wooden_chestplate":1,"minecraft:iron_shovel":1,"minecraft:spruce_sapling":17,"minecraft:gravel":11,"minecraft:stone_axe":1,"minecraft:iron_nugget":12,"minecraft:wheat":1,"minecraft:chainmail_chestplate":1,"minecraft:diamond_chestplate":1,"minecraft:spruce_planks":1,"minecraft:charcoal":27,"minecraft:iron_chestplate":3,"minecraft:diamond_boots":1,"minecraft:arrow":10,"minecraft:stone_pickaxe":1,"immersive_armors:wooden_helmet":1},"minecraft:picked_up":{"minecraft:charcoal":27,"minecraft:iron_chestplate":2,"minecraft:crafting_table":1,"minecraft:wheat":6,"minecraft:clay_ball":28,"minecraft:oak_trapdoor":1,"minecraft:iron_axe":1,"minecraft:iron_leggings":4,"minecraft:white_carpet":4,"minecraft:iron_shovel":1,"minecraft:spruce_planks":29,"minecraft:beef":31,"minecraft:iron_nugget":8,"minecraft:spruce_slab":1,"minecraft:lectern":1,"minecraft:stick":76,"minecraft:raw_iron":27,"minecraft:brown_terracotta":2,"minecraft:oak_fence":2,"minecraft:torch":1,"minecraft:carrot":8,"minecraft:purple_terracotta":5,"minecraft:dark_oak_planks":2,"minecraft:arrow":8,"minecraft:hay_block":14,"minecraft:white_wool":6,"minecraft:cobblestone":92,"minecraft:cooked_beef":21,"minecraft:leather":8,"minecraft:smoker":1,"alexsmobs:bison_fur":3,"minecraft:flint":8,"minecraft:dirt":21,"minecraft:wheat_seeds":31,"minecraft:cooked_chicken":1,"minecraft:iron_ingot":2,"minecraft:stone_pickaxe":1,"minecraft:fletching_table":3,"minecraft:iron_sword":1,"minecraft:book":65,"minecraft:black_terracotta":3,"minecraft:cooked_porkchop":3,"minecraft:sweet_berries":13,"minecraft:gravel":75,"minecraft:sand":55,"minecraft:spruce_sapling":84,"minecraft:blast_furnace":1,"minecraft:white_bed":1,"minecraft:spruce_log":521,"travelersbackpack:standard":1,"minecraft:spruce_boat":1,"immersive_armors:wooden_chestplate":1,"minecraft:bread":21,"minecraft:emerald":136,"minecraft:light_gray_carpet":3,"minecraft:coal":34,"minecraft:sunflower":3},"minecraft:crafted":{"minecraft:stone_shovel":1,"travelersbackpack:diamond":1,"minecraft:bookshelf":7,"immersive_armors:wooden_chestplate":1,"minecraft:glass":51,"travelersbackpack:white_sleeping_bag":2,"minecraft:diamond_helmet":1,"minecraft:bow":1,"minecraft:diamond_leggings":1,"minecraft:iron_axe":2,"minecraft:stone_pickaxe":1,"minecraft:tipped_arrow":60,"minecraft:chest":2,"minecraft:diamond_boots":1,"minecraft:spruce_boat":1,"immersive_armors:wooden_helmet":1,"minecraft:wheat":9,"minecraft:cooked_beef":22,"minecraft:diamond_sword":1,"minecraft:arrow":192,"minecraft:emerald":116,"minecraft:diamond_axe":1,"minecraft:crafting_table":2,"minecraft:spruce_planks":1992,"travelersbackpack:backpack_tank":4,"minecraft:wooden_pickaxe":1,"travelersbackpack:standard":2,"minecraft:iron_sword":1,"immersive_armors:wooden_leggings":1,"minecraft:fletching_table":4,"minecraft:bucket":2,"minecraft:stone_axe":2,"travelersbackpack:netherite":1,"minecraft:air":0,"minecraft:bread":8,"minecraft:wooden_hoe":2,"minecraft:charcoal":27,"minecraft:shield":1,"minecraft:stick":3520,"minecraft:iron_ingot":88,"minecraft:wooden_axe":1,"minecraft:iron_block":3,"minecraft:iron_shovel":1,"minecraft:iron_leggings":6,"minecraft:anvil":1,"minecraft:diamond_chestplate":1},"minecraft:mined":{"minecraft:dark_oak_planks":1,"minecraft:spruce_planks":4,"minecraft:white_bed":1,"minecraft:black_terracotta":3,"minecraft:ladder":1,"minecraft:purple_terracotta":5,"minecraft:grass_block":15,"minecraft:spruce_leaves":4,"minecraft:red_mushroom":1,"minecraft:spawner":1,"minecraft:hay_block":11,"minecraft:oak_trapdoor":1,"minecraft:carrots":4,"minecraft:spruce_sapling":1,"minecraft:iron_ore":27,"minecraft:fire":2,"minecraft:fletching_table":2,"minecraft:bookshelf":6,"minecraft:dirt_path":1,"minecraft:packed_ice":30,"minecraft:stone":56,"minecraft:white_wool":6,"minecraft:spruce_slab":1,"minecraft:light_gray_carpet":3,"minecraft:smoker":1,"minecraft:clay":7,"travelersbackpack:standard":1,"minecraft:oak_fence":1,"minecraft:crafting_table":1,"minecraft:blast_furnace":1,"minecraft:oak_wood":2,"minecraft:lectern":1,"minecraft:tall_grass":17,"minecraft:grindstone":1,"minecraft:seagrass":1,"minecraft:wheat":7,"minecraft:white_carpet":3,"minecraft:spruce_log":513,"minecraft:grass":139,"minecraft:sunflower":2,"minecraft:gravel":6,"minecraft:dirt":2,"minecraft:brown_terracotta":1,"minecraft:oak_leaves":3},"minecraft:custom":{"minecraft:interact_with_smithing_table":1,"minecraft:mob_kills":13,"minecraft:interact_with_anvil":5,"minecraft:interact_with_crafting_table":41,"minecraft:open_barrel":3,"minecraft:leave_game":8,"minecraft:time_since_death":5651,"minecraft:climb_one_cm":1568,"minecraft:sprint_one_cm":423824,"minecraft:walk_one_cm":484561,"minecraft:damage_blocked_by_shield":2317,"minecraft:drop":135,"minecraft:talked_to_villager":91,"minecraft:play_time":200267,"minecraft:deaths":14,"minecraft:sneak_time":1146,"minecraft:walk_under_water_one_cm":6332,"minecraft:boat_one_cm":158760,"minecraft:jump":2566,"minecraft:interact_with_blast_furnace":13,"minecraft:walk_on_water_one_cm":13123,"minecraft:total_world_time":200267,"minecraft:interact_with_furnace":12,"minecraft:traded_with_villager":154,"minecraft:sleep_in_bed":11,"minecraft:time_since_rest":5686,"minecraft:damage_taken":5634,"minecraft:damage_dealt":3217,"minecraft:swim_one_cm":51590,"minecraft:fly_one_cm":484525,"minecraft:player_kills":1,"minecraft:open_chest":60,"minecraft:crouch_one_cm":3538,"minecraft:interact_with_smoker":3,"minecraft:fall_one_cm":77234}},"DataVersion":3465}