{"stats":{"minecraft:crafted":{"minecraft:diamond_sword":1,"minecraft:diamond_helmet":1,"minecraft:diamond_leggings":1,"minecraft:diamond_pickaxe":1,"minecraft:diamond_boots":1,"minecraft:diamond_chestplate":1},"minecraft:dropped":{"minecraft:diamond_sword":1,"minecraft:wheat_seeds":7,"minecraft:diamond_pickaxe":2,"minecraft:sunflower":3,"minecraft:bow":1,"minecraft:string":1},"minecraft:mined":{"minecraft:fire":1,"minecraft:grass":28,"minecraft:sunflower":2,"minecraft:dirt":1,"minecraft:netherrack":82},"minecraft:picked_up":{"minecraft:cooked_beef":26,"minecraft:diamond_sword":1,"minecraft:dirt":1,"minecraft:string":1,"minecraft:diamond":64,"minecraft:wheat_seeds":7,"minecraft:bamboo":4,"minecraft:netherrack":70,"minecraft:sunflower":3,"minecraft:diamond_pickaxe":2},"minecraft:used":{"minecraft:diamond_pickaxe":82,"minecraft:apple":1,"minecraft:netherrack":6,"minecraft:bamboo":4,"minecraft:diamond_sword":12,"minecraft:dirt":1,"minecraft:cooked_beef":5},"minecraft:killed":{"minecraft:spider":1},"minecraft:custom":{"minecraft:time_since_rest":6076,"minecraft:sprint_one_cm":27714,"minecraft:damage_taken":350,"minecraft:walk_one_cm":23779,"minecraft:mob_kills":1,"minecraft:drop":13,"minecraft:damage_dealt":232,"minecraft:interact_with_crafting_table":3,"minecraft:fly_one_cm":64726,"minecraft:open_chest":24,"minecraft:crouch_one_cm":179,"minecraft:play_time":11536,"minecraft:sneak_time":131,"minecraft:jump":329,"minecraft:time_since_death":11536,"minecraft:sleep_in_bed":2,"minecraft:total_world_time":11536,"minecraft:fall_one_cm":12497}},"DataVersion":3465}