{"stats":{"minecraft:crafted":{"minecraft:diamond_sword":1,"minecraft:diamond_helmet":1,"minecraft:diamond_leggings":1,"minecraft:diamond_pickaxe":1,"minecraft:diamond_boots":1,"minecraft:diamond_chestplate":1},"minecraft:dropped":{"minecraft:diamond_sword":1,"minecraft:wheat_seeds":12,"minecraft:diamond_pickaxe":2,"minecraft:sunflower":3,"minecraft:bow":1,"minecraft:string":1},"minecraft:mined":{"minecraft:fire":1,"minecraft:grass":97,"minecraft:sunflower":2,"minecraft:dirt":1,"minecraft:tall_grass":14,"minecraft:netherrack":82},"minecraft:picked_up":{"minecraft:birch_log":6,"minecraft:cooked_beef":26,"minecraft:diamond_sword":1,"minecraft:dirt":1,"minecraft:string":1,"minecraft:diamond":64,"minecraft:wheat_seeds":13,"minecraft:bamboo":4,"minecraft:netherrack":70,"minecraft:sunflower":3,"minecraft:diamond_pickaxe":2},"minecraft:used":{"minecraft:diamond_pickaxe":82,"minecraft:apple":1,"minecraft:netherrack":13,"minecraft:bamboo":4,"minecraft:diamond_sword":14,"minecraft:dirt":1,"alexsmobs:animal_dictionary":1,"minecraft:cooked_beef":8},"minecraft:killed_by":{"minecraft:player":1},"minecraft:killed":{"minecraft:spider":1},"minecraft:custom":{"minecraft:time_since_rest":11823,"minecraft:sprint_one_cm":45572,"minecraft:damage_taken":1013,"minecraft:walk_one_cm":36932,"minecraft:mob_kills":2,"minecraft:drop":16,"minecraft:damage_dealt":397,"minecraft:interact_with_crafting_table":3,"minecraft:fly_one_cm":123613,"minecraft:open_chest":24,"minecraft:crouch_one_cm":372,"minecraft:play_time":24879,"minecraft:deaths":1,"minecraft:sneak_time":213,"minecraft:jump":539,"minecraft:leave_game":1,"minecraft:time_since_death":11797,"minecraft:sleep_in_bed":2,"minecraft:total_world_time":24879,"minecraft:fall_one_cm":23699}},"DataVersion":3465}