{
  "megamons:gen1_megastone": {
    "criteria": {
      "has_any_gen1_stone": "2024-10-06 03:48:27 +0000"
    },
    "done": true
  },
  "megamons:mega_ore_or_stone": {
    "criteria": {
      "has_any_raw_stone": "2024-10-06 03:48:29 +0000"
    },
    "done": true
  },
  "megamons:key_stone": {
    "criteria": {
      "has_key_stone": "2024-10-06 03:48:22 +0000"
    },
    "done": true
  },
  "minecraft:recipes/decorations/crafting_table": {
    "criteria": {
      "unlock_right_away": "2024-10-06 03:47:18 +0000"
    },
    "done": true
  },
  "cobblemon:root": {
    "criteria": {
      "picked_starter": "2024-10-06 03:48:35 +0000"
    },
    "done": true
  },
  "megamons:mega_cuff": {
    "criteria": {
      "has_mega_cuff": "2024-10-06 03:48:19 +0000"
    },
    "done": true
  },
  "megamons:gen1_05_charizarditex_stone": {
    "criteria": {
      "has_cut_charizarditex": "2024-10-06 03:48:27 +0000"
    },
    "done": true
  },
  "megamons:recipes/misc/cut_charizarditex_from_raw_charizarditex_stonecutting": {
    "criteria": {
      "has_raw_charizarditex": "2024-10-06 03:48:29 +0000"
    },
    "done": true
  },
  "megamons:recipes/tools/mega_cuff": {
    "criteria": {
      "has_key_stone": "2024-10-06 03:48:22 +0000"
    },
    "done": true
  },
  "cobblemon:use_candy": {
    "criteria": {
      "use_rare_candy": "2024-10-06 03:49:35 +0000"
    },
    "done": true
  },
  "megamons:grant_megamons_guide": {
    "criteria": {
      "tick": "2024-10-06 03:48:35 +0000"
    },
    "done": true
  },
  "minecraft:adventure/adventuring_time": {
    "criteria": {
      "minecraft:beach": "2024-10-06 03:50:20 +0000",
      "minecraft:plains": "2024-10-06 03:47:19 +0000"
    },
    "done": false
  },
  "cobblemon:first_evolution": {
    "criteria": {
      "evolve": "2024-10-06 03:49:53 +0000"
    },
    "done": true
  },
  "DataVersion": 3465
}